,sample_uuid,field_name,sandtotal_r,silttotal_r,claytotal_r,om_r,dbthirdbar_r,ksat_r,awc_r,ph1to1h2o_r
0,00e545ae-09eb-4687-af63-81a063e990e0,StephenFarms_HomeFarm,5.0,77.0,18.0,3.0000000000000004,1.3,9.17,0.23000000000000004,5.5
1,013b646d-dfc9-427a-92a9-9a06539d56fe,SEED-544-Soybeans,49.6,33.6,16.8,3.75,1.43,28.230000000000004,0.2,7.060000000000001
2,0178431d-b30c-403c-9ec8-890f30354d1d,SEED-516-Soybeans,27.759999999999994,42.08,30.16,6.1,1.4276000000000002,9.17,0.21159999999999995,6.7
3,018d8e77-d778-43ba-b783-11a40b5f3094,airport,36.93695014662757,36.19354838709678,26.86950146627566,1.381720430107527,1.4737047898338222,11.661358748778104,0.1500733137829912,6.466764418377322
4,0194929a-3130-4606-8612-5f98fcc1545d,Dawson Farms - 2016 Doug C,13.33,47.723333333333336,38.946666666666665,2.4391666666666665,1.5125,4.0008333333333335,0.1772,6.707666666666667
5,022986d5-8ddc-4db4-a8e2-e8246726abb4,house,7.71,63.81,28.48,2.2845,1.39125,9.17,0.181,6.276999999999999
6,026363cf-f057-47d2-a7e3-2460714a8215,523 clone,55.75,30.55,13.7,1.1275,1.5255,28.230000000000004,0.14,6.395
7,02c9c2e0-44cb-44c5-96e7-dca20ce3e15a,turner south,4.0,68.6,27.4,2.3000000000000003,1.366,9.17,0.21400000000000002,6.4
8,03064864-23f2-4149-bfa9-fdb262d11ed6,Vandyke,59.99999999999999,24.0,16.0,2.0,1.55,9.17,0.14,6.2
9,034fc62c-d826-4132-8109-ff0c15573c54,488 clone,4.67,64.64,30.690000000000005,1.4950000000000003,1.3835,9.17,0.1765,6.3340000000000005
10,03984c32-a30a-4869-b88d-0b6b482767b4,StephenFarms_BradKuegel,7.0,73.14,19.86,1.2850000000000001,1.4304999999999999,7.201499999999999,0.2069,6.238
11,03d37505-aa58-40eb-b4fc-9eb83e7fa55e,Buds house,38.12,40.519999999999996,21.36,4.5200000000000005,1.5,9.17,0.17759999999999998,6.848
12,041fdaea-291c-4f77-8e25-c660062de77d,Rose's Highway_NO Product_1_poly,1.7389999999999999,66.291,31.97,4.385400000000001,1.3035999999999999,9.17,0.1885,6.0360000000000005
13,04d9b260-e54f-4401-88da-bb880a2119dd,house,7.71,63.81,28.48,2.2845,1.39125,9.17,0.181,6.276999999999999
14,04e369af-2316-4066-8e63-5382a368c901,field-ne-001,7.880000000000001,62.269999999999996,29.85,2.055,1.3365,3.8103000000000007,0.20579999999999998,6.5150000000000015
15,0563d6b3-fbd7-4fdb-804e-f3548741edcd,Dawson Farms - 2016 Doug C,18.683333333333334,45.49333333333334,35.82333333333333,1.7958333333333332,1.5050000000000001,3.9438333333333335,0.17696666666666663,6.352666666666667
16,058137e0-967c-4074-ba39-8ed81f9779ef,Dorris 80,4.265000000000001,67.62,28.115000000000002,2.59625,1.3690000000000002,9.17,0.2195,6.154000000000001
17,05f31968-0150-4a1a-b5f5-9a72a662c5fd,Burrus Seed Farms - BMN  - Boundary,34.96,34.04,31.0,2.48,1.4504000000000001,7.391999999999999,0.1784,6.5
18,0625937f-cd70-45d1-ae7e-65a23ac753d2,D Durdan Arnez,7.529999999999999,49.589999999999996,42.879999999999995,1.3679999999999999,1.4964999999999997,1.4900000000000002,0.1304,6.988
19,07648e4a-61b9-427c-888d-aa20a5d5f151,Moore 120,4.5125,69.91749999999999,25.57,2.8285,1.334,9.17,0.2162,6.398999999999999
20,08499faa-b9d0-41c9-9c1d-b95f652f49c0,Harvestore Hwy,4.0,75.10000000000001,20.9,1.8075,1.186,9.170000000000002,0.22100000000000006,6.335000000000001
21,08bb0713-7b83-418c-9ad9-412f54db2704,Dorris 80,4.265000000000001,67.62,28.115000000000002,2.59625,1.3690000000000002,9.17,0.2195,6.154000000000001
22,09f81a4c-929b-4cb9-99ee-c0be67196ad4,1-000393acfield,9.45,77.1,13.45,1.5375,1.4325,9.17,0.23000000000000004,5.98
23,0a18cb2e-df4c-49b3-938f-f0cb4c8853d8,523 clone,56.414141414141405,30.01010101010101,13.575757575757578,1.1212121212121213,1.5215151515151515,28.230000000000004,0.14000000000000004,6.302020202020203
24,0ade897f-f9dd-47d3-a0fe-d6dcf8a21bf1,Dorris 80,4.265000000000001,67.62,28.115000000000002,2.59625,1.3690000000000002,9.17,0.2195,6.154000000000001
25,0b44cb9c-7736-4cb5-87b2-b46f3a12d34d,south,4.3,72.51470588235294,23.18529411764706,1.0883823529411765,1.392205882352941,6.5371500000000005,0.2031029411764706,6.594117647058823
26,0c0c7b7b-23ab-40a3-8c2f-8b297f5b35f3,Haelys,27.759999999999994,42.08,30.16,6.1,1.4276000000000002,9.17,0.21159999999999995,6.7
27,0cf74f44-9f3f-469a-bef7-beba7b85eb1c,Sallys building,17.0,58.5,24.5,1.9,1.415,5.995,0.20500000000000002,6.3
28,0cf9b4d3-09f0-4d48-836c-efa5a82efeed,523 clone,67.32000000000001,21.34,11.340000000000002,0.8300000000000001,1.5500000000000003,28.230000000000004,0.1366,6.365000000000001
29,0d0e5977-3858-47a1-b643-03ddc08d8772,house,7.71,63.81,28.48,2.2845,1.39125,9.17,0.181,6.276999999999999
30,0d3adf91-db2f-41ff-8068-aef08f3265db,YUSUF-MAIN-YUSUF MAIN-W OF RD-Soybeans,67.32000000000001,21.34,11.340000000000002,0.8300000000000001,1.5500000000000003,28.230000000000004,0.1366,6.365000000000001
31,0dcc3f3f-d203-42b0-bd8d-6dc62e0c83ab,YUSUF-MAIN-YUSUF MAIN-W OF RD-Soybeans,55.75,30.55,13.7,1.1275,1.5255,28.230000000000004,0.14,6.395
32,0e069dfc-7036-4825-924a-6d43ce310eb3,field-ne-001,43.076499999999996,37.8785,19.045,1.875,1.492,9.672,0.19905,6.0925
33,0ebca8ea-fdea-433c-a350-f9500bd72241,north bins,5.0,64.44,30.56,2.8899999999999997,1.3439999999999999,7.7095,0.1999,5.869
34,0ed43c2f-b253-4e52-ad33-5eef00e830ac,523 clone,67.32000000000001,21.34,11.340000000000002,0.8300000000000001,1.5500000000000003,28.230000000000004,0.1366,6.365000000000001
35,0ed8702b-25d3-4b00-b2b8-a9fd7693d05a,west field,4.0,69.95,26.050000000000004,2.1950000000000003,1.3025000000000002,9.170000000000002,0.21200000000000002,6.6450000000000005
36,0f14ace3-21d9-4c37-906f-a8550179f708,SEED-544-Soybeans,49.6,33.6,16.8,3.75,1.43,28.230000000000004,0.2,7.060000000000001
37,0f1f46e8-3f94-4633-9938-f34c3df6f152,Cragen Jerry's Place - JP North Levee,30.300000000000004,46.23000000000001,23.469999999999995,2.2125000000000004,1.4071,9.17,0.20650000000000002,7.2
38,0f5822e7-4ae3-4561-8886-b9b12233e805,home 141,10.0,61.6,28.4,3.430000000000001,1.34,3.0000000000000004,0.22200000000000003,6.120000000000001
39,1030ed48-00e8-4b2c-9cb6-0c5c394845d4,house,7.71,63.81,28.48,2.2845,1.39125,9.17,0.181,6.276999999999999
40,10806b3d-1c52-45ab-8ed7-0ec2f32beb6f,Dawson Farms - 2016 Doug C,18.683333333333334,45.49333333333334,35.82333333333333,1.7958333333333332,1.5050000000000001,3.9438333333333335,0.17696666666666663,6.352666666666667
41,10b16d29-10ec-49b3-b157-789b818c5ef7,pnd,66.16161616161617,23.838383838383837,9.999999999999998,1.4131313131313135,1.5277777777777781,28.000000000000004,0.15,6.215151515151516
42,10cb8fda-d60c-4afb-a0e8-feb3c113b017,SEED-516-Soybeans,27.5,51.5,21.0,1.8,1.475,9.17,0.19500000000000003,5.9
43,10f55fe0-5e0c-4176-8ef0-ea3fddb36719,west field,7.7700000000000005,60.459999999999994,31.770000000000003,4.08,1.246,9.17,0.19000000000000003,8.154
44,119e62d2-40de-40ef-b60d-b8644e9387de,house,7.71,63.81,28.48,2.2845,1.39125,9.17,0.181,6.276999999999999
45,123ffa01-4a5b-48b9-8082-6d12e5613dc0,Rockville 80,9.0,60.0,31.0,3.1,1.375,9.17,0.18000000000000002,7.0
46,1260061f-f6a5-4fbf-932b-89dc53e9161f,SEED-517-Soybeans,56.414141414141405,30.01010101010101,13.575757575757578,1.1212121212121213,1.5215151515151515,28.230000000000004,0.14000000000000004,6.302020202020203
47,128b4e28-dc2f-4402-9662-f005e8c26643,1-000393acfield,5.0,77.0,18.0,2.5,1.3,9.17,0.23,5.5
48,129f7e22-5330-4b9f-82fe-537162e32637,SEED-544-Soybeans,49.6,33.6,16.8,3.75,1.43,28.230000000000004,0.2,7.060000000000001
49,13a3003a-0629-49bf-a10d-18458492c858,CrabtreeField3,7.12,69.87,23.01,0.8325,1.4398,7.201499999999999,0.2107,6.1448888888888895
50,13af5453-93cd-4b2c-aa00-2f76d4fd1e6c,Maytown Buildings_NO Product_1_poly,4.0,69.19999999999999,26.799999999999994,2.3000000000000003,1.366,9.17,0.21400000000000002,5.84
51,1400e613-4507-40ea-8355-9a788fd0bfde,north bins,3.5,67.6,28.9,1.1,1.371,9.17,0.20199999999999999,6.039999999999999
52,1482c0f1-0f35-4e08-bfc2-68cf36415f8a,SEED-516-Soybeans,27.5,50.5,22.0,2.125,1.275,9.17,0.21000000000000002,6.0
53,14b72536-2e03-4354-ac8b-724029985dca,north bins,3.5,67.6,28.9,1.1,1.371,9.17,0.20199999999999999,6.039999999999999
54,14feb1bd-3f37-4623-a01f-34bf48a35752,523 clone,55.75,30.55,13.7,1.1275,1.5255,28.230000000000004,0.14,6.395
55,16fa4363-826c-4426-a8cd-6e0598ad81bd,21-000128creek,9.45,77.1,13.45,1.5375,1.4325,9.17,0.23000000000000004,5.98
56,170af2bb-ffc9-4864-9bf8-e9c1bc8afe0c,D Durdan Arnez,7.529999999999999,49.589999999999996,42.879999999999995,1.3679999999999999,1.4964999999999997,1.4900000000000002,0.1304,6.988
57,1741ce23-2294-4993-b7d9-924d05834402,"MCCOY, SARAH-SALLY'S S 80-Soybeans",56.414141414141405,30.01010101010101,13.575757575757578,1.1212121212121213,1.5215151515151515,28.230000000000004,0.14000000000000004,6.302020202020203
58,1781e43e-67be-4d38-ab12-b3eccfff1ef6,north bins clone,5.0,64.44,30.56,2.8899999999999997,1.3439999999999999,7.7095,0.1999,5.869
59,187565f8-1639-488c-b438-99c360b87340,SEED-517-Soybeans,31.01,43.28,25.71,0.8274999999999999,1.4470000000000003,4.9155,0.1865,6.5
60,1925510d-6cf0-4d08-93a1-c6a2fe91b0f7,Hamblock South Field,31.520000000000003,40.760000000000005,27.720000000000002,1.725,1.43,5.233,0.159,6.314
61,19382d7e-b2c9-4e5e-ac97-c9ea0b208cbc,3-4-5,47.0,40.2,12.8,2.6500000000000004,1.46,28.230000000000004,0.172,6.080000000000001
62,19576471-67d2-431a-b911-e41b1a637663,pnd,66.16161616161617,23.838383838383837,9.999999999999998,1.4131313131313135,1.5277777777777781,28.000000000000004,0.15,6.215151515151516
63,19620072-1831-475f-9267-9e4f2f5c4374,21-000128creek,7.666666666666667,74.76,17.573333333333334,1.5233333333333334,1.437,7.857666666666667,0.2146,6.125333333333334
64,1aa6a8cb-01b3-43f8-b135-66fad3ac5d79,field-ne-001,17.75,58.22666666666667,24.02333333333333,2.06,1.3421666666666665,8.1348,0.21296666666666667,6.997
65,1af34092-a541-46b6-9f53-d8a833c08951,523 clone,36.0,41.599999999999994,22.4,2.7,1.438,9.17,0.194,5.959999999999998
66,1b53a228-daca-43e5-ba1d-256fc9e44993,Stan Steed_Stan's_East of Bins_2019_264L4_1,25.205,47.145,27.65,1.65,1.4824999999999997,10.7945,0.1665,6.72
67,1b59c251-6e8b-440d-8c53-447c388de124,Burrus Seed Farms - BMN  - Boundary,5.0,71.84,23.159999999999997,3.21,1.3126,9.17,0.2258,6.699999999999998
68,1bb7666c-49ce-47b3-9a2c-72ff79464756,523 clone,67.32000000000001,21.34,11.340000000000002,0.8300000000000001,1.5500000000000003,28.230000000000004,0.1366,6.365000000000001
69,1bd4a493-f7bd-4b7c-8b74-5b51286d1dbe,Stan Steed_Stan's_East of Bins_2019_264L4_1,13.33,47.723333333333336,38.946666666666665,2.4391666666666665,1.5125,4.0008333333333335,0.1772,6.707666666666667
70,1c29be54-9367-4123-9eca-bff5ce11ccbb,Home Farm West,40.835,37.790000000000006,21.375,2.3125,1.5225,9.0,0.202,6.725
71,1daa8e6a-2243-429e-8936-728ae621dffc,haines,5.000000000000001,74.27659574468085,20.72340425531915,1.475531914893617,1.4180851063829787,9.17,0.22276595744680855,6.45531914893617
72,1df06bb9-6db3-4992-99cf-c016046d96a3,Matthew King_Two Daisy Farm_North Field_2018_6365AM_1,18.683333333333334,45.49333333333334,35.82333333333333,1.7958333333333332,1.5050000000000001,3.9438333333333335,0.17696666666666663,6.352666666666667
73,1f0ad22a-6f03-4767-80ac-33daa0edc180,yale,44.985,34.510000000000005,20.505000000000003,1.6525,1.4097500000000003,9.17,0.18569999999999998,6.9670000000000005
74,1f1bb9d9-3853-4b63-b90d-5fe5a1738335,SEED-544-Soybeans,49.6,33.6,16.8,3.75,1.43,28.230000000000004,0.2,7.060000000000001
75,1fe90826-e610-45d2-9ada-101582cb7e6a,house,7.71,63.81,28.48,2.2845,1.39125,9.17,0.181,6.276999999999999
76,212830da-3de9-4509-a060-c5744d4d4c24,haines,25.38,54.12,20.5,0.9510000000000001,1.544,9.17,0.1638,5.74
77,21457f16-6d55-430e-bcb9-073c33cc1066,SEED-516-Soybeans,38.12,40.519999999999996,21.36,4.5200000000000005,1.5,9.17,0.17759999999999998,6.848
78,219fa7e3-de33-4b0e-977d-2f819e12d3a7,523 clone,95.0,3.0,2.0,0.63,1.5,91.74,0.0824,5.9
79,22fb17de-3470-4e29-bcb0-507dd008485d,schable,5.0,65.80808080808082,29.191919191919187,2.868686868686869,1.3616161616161617,7.694747474747476,0.18202020202020203,6.107070707070706
80,23303c88-dbc0-4e95-ab35-a4e18a32e23a,YUSUF-MAIN-YUSUF MAIN-W OF RD-Soybeans,36.0,41.599999999999994,22.4,2.7,1.438,9.17,0.194,5.959999999999998
81,2353ed66-d3b0-4890-aa1f-f1a16d09717a,Burrus Seed Farms - BMN  - Boundary,5.0,71.84,23.159999999999997,3.21,1.3126,9.17,0.2258,6.699999999999998
82,244c8ffb-6f43-4082-94db-ddb7f8498f6f,StephenFarms_BradKuegel,11.0,71.0,18.0,2.0,1.3,9.17,0.21,5.8
83,24c3a115-cceb-4fa8-912b-424f6ffbfd45,Home farm,4.0,77.0,19.0,1.5,1.45,9.17,0.21999999999999997,6.8
84,26588f3b-c554-4fdb-8157-70eaeda7ece3,Hulmes South Big Pivot Harvest,76.36,14.773333333333333,8.866666666666667,1.1975,1.5454999999999999,49.4,0.13596666666666668,6.007000000000001
85,26594ee8-b1bb-4557-a687-d0cb5b39ecf0,523 clone,67.32000000000001,21.34,11.340000000000002,0.8300000000000001,1.5500000000000003,28.230000000000004,0.1366,6.365000000000001
86,272c2e60-7398-418d-8f14-b4fe6bdd0e56,SEED-544-Soybeans,49.6,33.6,16.8,3.75,1.43,28.230000000000004,0.2,7.060000000000001
87,274fca21-b5cb-439b-a669-a107442e540d,pnd,40.46464646464647,38.303030303030305,21.232323232323235,2.542929292929293,1.3723232323232324,9.0,0.20070707070707072,5.983838383838384
88,275e6be4-c2c2-4332-9ff5-009182b386a2,pnd,36.339999999999996,41.059999999999995,22.6,2.118,1.4874,7.339999999999999,0.182,5.733999999999999
89,27cd75c1-3f75-402c-b281-a654e0bdfd6d,Maytown North 80_NO Product_1_poly,4.0,69.19999999999999,26.799999999999994,2.3000000000000003,1.366,9.17,0.21400000000000002,5.84
90,287c4c8a-5143-40c1-b122-ea181aa83987,SEED-516-Soybeans,17.0,58.5,24.5,1.9,1.415,5.995,0.20500000000000002,6.3
91,292f0743-d9ca-48bb-b67b-11310af8dd8d,SEED-516-Soybeans,24.21,52.49,23.299999999999994,2.7354999999999996,1.281,8.9795,0.20789999999999997,6.190999999999999
92,295b1823-e22c-4a14-ad0f-1a75575fb9f3,Smith Eiler North Ditch,84.47999999999999,10.94,4.58,0.9599999999999999,1.5789999999999997,91.74000000000001,0.0926,6.267999999999999
93,29ee1bd3-46ca-4189-817a-fc81e1645388,north,4.3,72.51470588235294,23.18529411764706,1.0883823529411765,1.392205882352941,6.5371500000000005,0.2031029411764706,6.594117647058823
94,2b58c546-02c6-423f-9397-e4c41cc80128,Dorris 80,4.265000000000001,67.62,28.115000000000002,2.59625,1.3690000000000002,9.17,0.2195,6.154000000000001
95,2bd7247c-c4b3-4f77-8875-be208385b618,Rose's Highway_NO Product_1_poly,3.0,69.38,27.62,3.6224999999999996,1.2459,9.17,0.2192,6.2
96,2bfd9a71-59f6-4fad-a064-e817d433e4c7,523 clone,55.75,30.55,13.7,1.1275,1.5255,28.230000000000004,0.14,6.395
97,2c06ed87-ba97-463b-ada5-18ab9a7b8b31,haines,5.000000000000001,74.27659574468085,20.72340425531915,1.475531914893617,1.4180851063829787,9.17,0.22276595744680855,6.45531914893617
98,2c7ef8a1-3edc-4b6c-96b8-17b29d3bcee4,Route 40,31.520000000000003,40.760000000000005,27.720000000000002,1.725,1.43,5.233,0.159,6.314
99,2c906d4c-b30e-453e-8167-007ebb3dd5ed,StephenFarms_KaelinFarm,11.0,71.0,18.0,2.0,1.3,9.17,0.21,5.8
100,2c90d708-9f09-4361-99e1-9ffb14f8c786,Burrus Seed Farms - OS  - Boundary,9.0,76.0,15.0,0.625,1.3849999999999998,9.17,0.21600000000000003,6.699999999999998
101,2c9c0f94-ef60-4a74-96d5-249112c86370,Roses south of creek,4.0,69.19999999999999,26.799999999999994,2.3000000000000003,1.366,9.17,0.21400000000000002,5.84
102,2cdbedc5-7a0e-4b89-88bb-390b8a9285f3,Home farm,4.0,68.6,27.4,0.7749999999999998,1.438,9.17,0.19599999999999998,6.14
103,2d0f98a5-f54e-4e5c-8e6a-dd3e41a7dbc9,Smith Eiler North Ditch,84.47999999999999,10.94,4.58,0.9599999999999999,1.5789999999999997,91.74000000000001,0.0926,6.267999999999999
104,2d1a27de-5c30-467e-81d5-0d1cd80d914a,Buds house,31.439999999999998,43.68,24.880000000000003,2.7800000000000002,1.532,9.170000000000002,0.20079999999999998,6.54
105,2d1cb83b-a3ea-426c-8b37-b4e220ff98f5,scn,7.71,63.81,28.48,2.2845,1.39125,9.17,0.181,6.276999999999999
106,2d54c347-44c1-4832-920d-4e9e277c7396,"MCCOY, SARAH-SALLY'S S 80-Soybeans",86.9,8.399999999999999,4.699999999999999,0.5449999999999999,1.6585,69.5115,0.087,6.27
107,2d819ce7-33b7-4608-8d83-3ff424ed72bf,pnd,26.894,50.86599999999999,22.240000000000002,1.995,1.3835,9.000000000000002,0.2093,6.478999999999998
108,2ddb2405-9f65-4b20-a788-0292b460c7b6,Kaul East,3.5,68.16,28.34,1.26,1.3685999999999998,9.17,0.2052,5.752000000000001
109,2e45cd1e-8466-4da0-adfd-7985d7d2d32e,field-ne-001,20.05,56.2,23.750000000000004,2.75,1.3625,7.455,0.21250000000000005,6.775
110,2eac2c00-f799-4dce-80b5-ea9ba756af7d,Hamblock South Field,49.6,33.6,16.8,3.75,1.43,28.230000000000004,0.2,7.060000000000001
111,2f1413c2-e195-4b28-abd2-83ef57e6d780,south,4.3,72.51470588235294,23.18529411764706,1.0883823529411765,1.392205882352941,6.5371500000000005,0.2031029411764706,6.594117647058823
112,2fa520e0-beda-4c86-b509-2e3896199c62,Burrus Seed Farms - OS  - Boundary,35.0,34.0,31.0,2.134,1.4300000000000002,7.138000000000002,0.17400000000000002,6.404
113,2fdc911d-c540-4dcd-9be9-e3b6ccfba8cf,turner south,4.0,68.6,27.4,2.3000000000000003,1.366,9.17,0.21400000000000002,6.4
114,2fea1275-5812-43ad-9517-bbc3e5a25860,Sallys building,31.520000000000003,40.760000000000005,27.720000000000002,1.725,1.43,5.233,0.159,6.314
115,30d2b4e2-28e0-46f9-b812-428b7f9c72d7,Burrus Seed Farms - OS  - Boundary,9.0,76.0,15.0,0.625,1.3849999999999998,9.17,0.21600000000000003,6.699999999999998
116,313d8558-e1d2-46b2-b292-2d7ebebd4190,Home Farm West,20.7,67.3,12.0,4.0,1.35,9.0,0.21,6.5
117,31fadb9c-bf1c-4c97-a4e5-41794d7f9f31,Coletta Durdan Shop,5.0,59.95,35.05,2.5575,1.3539999999999999,6.312500000000001,0.20300000000000004,6.290000000000001
118,322502aa-f659-4970-a0d7-f1c441347d09,LT Till - Corn-Bean No Till,29.570000000000004,46.85,23.580000000000002,1.705,1.4799999999999998,9.17,0.198,6.9990000000000006
119,3265e0a9-92a3-4cd1-81a8-1cf43d76ad12,Korb West 80,8.0,53.0,39.0,3.125,1.375,2.82,0.15500000000000003,6.9
120,3305c371-7118-4de7-8b85-d3205e6a2adb,YUSUF-MAIN-YUSUF MAIN-W OF RD-Soybeans,55.75,30.55,13.7,1.1275,1.5255,28.230000000000004,0.14,6.395
121,333ea0ca-e65c-41fe-9bac-4526890be145,north bins,1.7389999999999999,66.291,31.97,4.385400000000001,1.3035999999999999,9.17,0.1885,6.0360000000000005
122,334a4c55-ff59-4235-ba70-6c9991d34333,Route 40 Midell Farm,31.520000000000003,40.760000000000005,27.720000000000002,1.725,1.43,5.233,0.159,6.314
123,33d9ea42-41d3-4943-b44d-8dd028131bdd,cental il college,2.33,69.14500000000001,28.525,1.1625,1.4036000000000002,9.17,0.2032,6.200000000000001
124,344179eb-478f-4cb1-8626-9322f9164f0f,Hamblock South Field,49.6,33.6,16.8,3.75,1.43,28.230000000000004,0.2,7.060000000000001
125,34ebd1b8-fb1c-4bcf-bd72-cdd212dac1f4,1-000393acfield,9.45,77.1,13.45,1.5375,1.4325,9.17,0.23000000000000004,5.98
126,34f5b880-9759-4207-b02a-031cac2db24f,north,4.3,72.51470588235294,23.18529411764706,1.0883823529411765,1.392205882352941,6.5371500000000005,0.2031029411764706,6.594117647058823
127,36d97ad0-2a41-4b91-bb16-20ab4c44b7cd,home 141,13.0,59.96,27.04,4.36,1.2992,6.0,0.17840000000000003,6.450000000000001
128,373f303b-18a9-40e6-aa27-1560b84e50f8,Burrus Seed Farms - HWT  - Boundary,9.0,76.0,15.0,0.625,1.3849999999999998,9.17,0.21600000000000003,6.699999999999998
129,37b90f26-66d6-4903-a55c-c2e3a5dc8a6a,YUSUF-MAIN-YUSUF MAIN-W OF RD-Soybeans,31.520000000000003,40.760000000000005,27.720000000000002,1.725,1.43,5.233,0.159,6.314
130,37f2cd32-b021-4be7-ba03-e356db4c11ef,SEED-544-Soybeans,49.6,33.6,16.8,3.75,1.43,28.230000000000004,0.2,7.060000000000001
131,38183f9d-b52d-4e0d-ba7c-ade7cd354a93,marv jacobsons,11.868686868686869,55.111111111111114,33.02020202020202,0.9131313131313131,1.5101010101010102,5.508181818181817,0.16050505050505048,6.385858585858587
132,38258f7b-568f-4124-adf5-7e6f81c2bb90,Essary-CherryFarms_JimBob_JimBob1,41.0,41.5,17.5,1.25,1.5,9.17,0.19,5.8
133,382cda15-c693-46a4-aa37-26a0c76b991d,YUSUF-MAIN-YUSUF MAIN-W OF RD-Soybeans,36.0,41.599999999999994,22.4,2.7,1.438,9.17,0.194,5.959999999999998
134,3846f4fc-899e-4e5e-8b0d-0889dee06b81,StephenFarms_BradKuegel,11.0,71.0,18.0,2.0,1.3,9.17,0.21,5.8
135,3850645d-22f9-4708-8a0c-142709b4074e,house,7.71,63.81,28.48,2.2845,1.39125,9.17,0.181,6.276999999999999
136,3b42cf64-36cd-4809-b477-efd8b5b8efea,StephenFarms_BradKuegel,7.0,74.0,19.0,2.0,1.43,9.17,0.22000000000000003,6.3
137,3bc6570c-ceba-42be-885a-5c4eb3caa17d,haines,7.71,63.81,28.48,2.2845,1.39125,9.17,0.181,6.276999999999999
138,3cc14d3b-e4de-45e1-a72a-641b4d7dcf2b,Dawson Farms - 2016 Doug C,13.33,47.723333333333336,38.946666666666665,2.4391666666666665,1.5125,4.0008333333333335,0.1772,6.707666666666667
139,3d47a2e0-7f42-4540-96a7-ed7ce684baab,StephenFarms_BradKuegel,11.0,71.0,18.0,2.0,1.3,9.17,0.21,5.8
140,3dd7529d-e6f7-4e7b-821a-42de5e62e277,Sallys building,27.5,50.5,22.0,2.125,1.275,9.17,0.21000000000000002,6.0
141,3dfc4dfc-31af-4945-9c7d-9b9011a00044,523 clone,67.32000000000001,21.34,11.340000000000002,0.8300000000000001,1.5500000000000003,28.230000000000004,0.1366,6.365000000000001
142,3e4177a5-de31-4f06-9567-015b06d13328,north bins,1.7389999999999999,66.291,31.97,4.385400000000001,1.3035999999999999,9.17,0.1885,6.0360000000000005
143,3ebe983d-04bb-4c38-b2b7-73c05dac3232,Baired,17.9,58.94,23.159999999999997,2.195,1.4789999999999999,9.17,0.21999999999999997,6.1
144,3f3311d2-4c18-44d3-b51f-a498bead97a4,D Durdan Arnez,8.0,61.0,31.0,3.78,1.312,9.17,0.17600000000000002,6.699999999999999
145,3f80abe3-ef91-4d08-b270-f66b6d1cc58f,YUSUF-MAIN-YUSUF MAIN-W OF RD-Soybeans,95.0,3.0,2.0,0.63,1.5,91.74,0.0824,5.9
146,3fc470d3-485f-4508-ac71-4730e266eeb8,1-000814ac,9.45,77.1,13.45,1.5375,1.4325,9.17,0.23000000000000004,5.98
147,3fd039f6-1cb6-450e-aafd-8a616f2e1b8a,Hahnaman,4.0,69.19999999999999,26.799999999999994,2.3000000000000003,1.366,9.17,0.21400000000000002,5.84
148,405c3134-1cd7-4cc2-9e98-13817f036ff8,YUSUF-MAIN-YUSUF MAIN-W OF RD-Soybeans,56.414141414141405,30.01010101010101,13.575757575757578,1.1212121212121213,1.5215151515151515,28.230000000000004,0.14000000000000004,6.302020202020203
149,40b56b59-42a3-44cb-a46d-9ce219373c9d,BHackman Brian Hackman - Brian House,11.963333333333333,69.305,18.731666666666666,1.1791666666666667,1.4665499999999998,9.17,0.21334999999999998,5.596500000000001
150,40f2544e-40b5-43d2-a630-35986048adcb,Richards,85.12,10.52,4.359999999999999,0.4,1.532,91.74,0.094,5.64
151,4156f433-3827-4d3d-8297-1efd4cde827e,HAEFNER-HAEFNER-Corn,55.75,30.55,13.7,1.1275,1.5255,28.230000000000004,0.14,6.395
152,41729d98-0232-4861-bfef-018453da4c53,Husteds South,17.537999999999997,40.507999999999996,41.954,2.045,1.469,2.0751999999999997,0.1375,6.7330000000000005
153,421090aa-a904-4e94-a1eb-923f0bd6043f,Smith Eiler North Ditch,83.22,10.32,6.46,1.0350000000000001,1.5534999999999999,87.29429999999999,0.1021,5.807
154,42173ec1-bef2-4bae-98f4-65287fe9804c,Hamblock North Field,31.520000000000003,40.760000000000005,27.720000000000002,1.725,1.43,5.233,0.159,6.314
155,42ac89ef-3231-4bad-80f5-835fdced4edc,Dorris 80,6.0,62.879999999999995,31.12,4.9719999999999995,1.306,9.17,0.18880000000000002,6.12
156,42d19275-89cf-494e-92a5-5e4597dae803,Smith Shrader East Yield,81.0,15.0,4.0,1.87,1.579,91.74,0.0942,6.234
157,4325a2c3-22ce-41d4-b2f0-ad0162170a65,Killen N 64,5.0,61.63,33.370000000000005,1.822,1.3744,5.233,0.1976,6.386000000000001
158,4334490f-a516-426a-bc67-1663a5b333f7,Hamblock North Field,31.520000000000003,40.760000000000005,27.720000000000002,1.725,1.43,5.233,0.159,6.314
159,43c9116a-cae1-4f10-b8e1-40a4d0ff7508,house,7.71,63.81,28.48,2.2845,1.39125,9.17,0.181,6.276999999999999
160,43f1b1ee-db88-4fad-a25a-85b0491efc47,Dorris 80,4.265000000000001,67.62,28.115000000000002,2.59625,1.3690000000000002,9.17,0.2195,6.154000000000001
161,44480bda-b79b-4637-a501-1caa73864f0f,west field,1.7389999999999999,66.291,31.97,4.385400000000001,1.3035999999999999,9.17,0.1885,6.0360000000000005
162,4450fb0d-1b8d-428a-9dec-4dab38f613c1,Matthew King_Two Daisy Farm_North Field_2018_6365AM_1,13.33,47.723333333333336,38.946666666666665,2.4391666666666665,1.5125,4.0008333333333335,0.1772,6.707666666666667
163,44b22cc4-5c6f-471b-aebb-7931cffd5c5a,yale,44.985,34.510000000000005,20.505000000000003,1.6525,1.4097500000000003,9.17,0.18569999999999998,6.9670000000000005
164,45d22b99-506a-4f2d-b993-cd91ccb3230e,SEED-516-Soybeans,17.0,58.5,24.5,1.9,1.415,5.995,0.20500000000000002,6.3
165,45d751a7-fb52-4631-8bf1-abc5b9f2ac9e,Rosener,17.537999999999997,40.507999999999996,41.954,2.045,1.469,2.0751999999999997,0.1375,6.7330000000000005
166,45f77925-7281-41e9-8eec-001e0db0e8e9,Home farm,4.0,77.0,19.0,1.5,1.45,9.17,0.21999999999999997,6.8
167,46bceb78-2d64-4d9a-9701-5a134fa793b8,east 80,4.67,64.64,30.690000000000005,1.4950000000000003,1.3835,9.17,0.1765,6.3340000000000005
168,46c7d8c9-b3f9-4488-97da-a840909ad525,north bins,5.0,64.44,30.56,2.8899999999999997,1.3439999999999999,7.7095,0.1999,5.869
169,46f2e6a3-bc15-4dca-afd2-33fcf521673b,turner south,3.5,68.16,28.34,1.26,1.3685999999999998,9.17,0.2052,5.752000000000001
170,46f8b7a0-1eb5-4244-833c-e18cea068fd5,house,7.71,63.81,28.48,2.2845,1.39125,9.17,0.181,6.276999999999999
171,47076d02-b674-431d-97c2-80b85e6932a4,Vandyke,43.0,40.0,17.0,4.5,1.45,28.23,0.19,5.9
172,47241262-1306-4e3c-827f-25fe60a04d79,1-00087ac,9.45,77.1,13.45,1.5375,1.4325,9.17,0.23000000000000004,5.98
173,482628c9-c9c9-4277-ad73-c122a23dcb6c,523 clone,56.414141414141405,30.01010101010101,13.575757575757578,1.1212121212121213,1.5215151515151515,28.230000000000004,0.14000000000000004,6.302020202020203
174,4856916a-2fac-4262-a98d-c66fbc36547c,James Rodman_Courtney's_Big Field_2019_296L4_1,25.205,47.145,27.65,1.65,1.4824999999999997,10.7945,0.1665,6.72
175,48581b21-1e80-4794-a849-67afbf6743fe,523 clone,36.0,41.599999999999994,22.4,2.7,1.438,9.17,0.194,5.959999999999998
176,48690395-c48a-4b46-ae71-4315dc9b64c9,south,4.3,72.51470588235294,23.18529411764706,1.0883823529411765,1.392205882352941,6.5371500000000005,0.2031029411764706,6.594117647058823
177,488c6b05-de6a-4504-b8bf-c3a50f00ab87,Hahnaman,3.5,68.16,28.34,1.26,1.3685999999999998,9.17,0.2052,5.752000000000001
178,48a96aa8-3a7b-4e82-9979-2f4d0a7b44ba,west field,7.3,64.1,28.599999999999998,1.45,1.42,9.17,0.18200000000000002,6.29
179,48adc12b-cfe7-4835-9879-ec838c2e2e58,Sallys building,17.0,58.5,24.5,1.9,1.415,5.995,0.20500000000000002,6.3
180,48c82497-28b4-4406-9324-f3d9265c7acd,shiley north of 64,4.0,69.19999999999999,26.799999999999994,2.3000000000000003,1.366,9.17,0.21400000000000002,5.84
181,49adb783-b948-4f5f-a050-54e0f803607d,home 141,7.7,62.6,29.7,2.2,1.348,3.0,0.18,6.199999999999998
182,4a10a7ff-a9cb-4630-bfe7-9352e08e2740,Sallys building,27.5,51.5,21.0,1.8,1.475,9.17,0.19500000000000003,5.9
183,4a2ddb41-9bd2-48f8-9331-667bce2685a8,field-ne-001,20.05,56.2,23.750000000000004,2.75,1.3625,7.455,0.21250000000000005,6.775
184,4a30be86-e82d-4b49-a4b8-32a0127acc60,turner south,3.5,68.16,28.34,1.26,1.3685999999999998,9.17,0.2052,5.752000000000001
185,4a4f1b02-c01f-4646-8602-eed52ac8e9af,corn 19-02 ,44.6,40.55,14.85,2.6624999999999996,1.465,12.029000000000002,0.1685,6.454999999999999
186,4ac87ead-406a-4e1c-8171-665cc6eef75d,Sweet - Sweet,13.850000000000001,48.46,37.690000000000005,5.08,1.3845,2.82,0.2147,6.769000000000001
187,4b17c9d4-a08f-4d09-9d3e-bac4f5f24e82,Hamblock South Field,31.520000000000003,40.760000000000005,27.720000000000002,1.725,1.43,5.233,0.159,6.314
188,4c29d742-fa56-443c-9573-b65e01133636,brideson,44.985,34.510000000000005,20.505000000000003,1.6525,1.4097500000000003,9.17,0.18569999999999998,6.9670000000000005
189,4c634151-fac1-4a3b-a8e1-f0e8fb04bc6d,Rose's Highway_NO Product_1_poly,4.0,69.19999999999999,26.799999999999994,2.3000000000000003,1.366,9.17,0.21400000000000002,5.84
190,4c95d10e-3630-4133-849c-1a4b093e6665,field-ne-001,12.5,60.75,26.75,1.75,1.2725,9.0,0.22,7.275
191,4cac346c-b39e-44fc-b8a6-c0981f5469ee,Essary-CherryFarms_JimBob_JimBob1,38.0,43.5,18.5,2.0,1.5,9.17,0.2,5.9
192,4cb83208-cb2d-4101-971e-718c944768b9,Home Farm West,40.835,37.790000000000006,21.375,2.3125,1.5225,9.0,0.202,6.725
193,4cf360fa-951e-48d7-b4a1-d7550dee8832,21-000124creek,9.45,77.1,13.45,1.5375,1.4325,9.17,0.23000000000000004,5.98
194,4d7b10eb-ad72-4161-baa9-9767af6629ec,house,7.6,68.02,24.38,1.27,1.459,9.17,0.2022,5.448000000000001
195,4e269613-8de1-42ea-8223-6332732a8a68,wales,6.48,65.94,27.58,1.26,1.381,9.17,0.21279999999999996,6.2
196,4f933968-dc4e-4ae7-988a-b36fe4bd7a5f,airport,46.18910891089109,31.46435643564356,22.346534653465348,2.297029702970297,1.4586138613861384,9.17,0.19227722772277225,6.600990099009901
197,506e4773-8173-4b0b-9b54-f8495db0a919,StephenFarms_KaelinFarm,7.0,73.14,19.86,1.2850000000000001,1.4304999999999999,7.201499999999999,0.2069,6.238
198,50e563af-fd1b-4f45-b626-7ed83522bcca,Hamblock North Field,31.520000000000003,40.760000000000005,27.720000000000002,1.725,1.43,5.233,0.159,6.314
199,50f6034f-73dc-47e1-adb3-ccdb996da94d,Dorris 80,4.265000000000001,67.62,28.115000000000002,2.59625,1.3690000000000002,9.17,0.2195,6.154000000000001
200,512a85a1-a848-47fb-84e4-06cc2c2c80be,SEED-516-Soybeans,27.5,50.5,22.0,2.125,1.275,9.17,0.21000000000000002,6.0
201,512cf637-5980-43be-a018-4db7cd4ab4b0,north bins,5.0,64.44,30.56,2.8899999999999997,1.3439999999999999,7.7095,0.1999,5.869
202,51a9a137-1246-4372-8e74-445917a756e7,Kelsey Home East Harvest,80.85861952861954,14.827104377104376,4.314276094276095,0.775446127946128,1.6106313131313132,90.82595959595959,0.09586700336700338,6.190131313131314
203,5215cecb-e98b-4966-a6df-c34c72d4ca8b,north bins,1.7389999999999999,66.291,31.97,4.385400000000001,1.3035999999999999,9.17,0.1885,6.0360000000000005
204,522c5f41-45e2-436b-b507-f74653cab9b5,west 85,4.67,64.64,30.690000000000005,1.4950000000000003,1.3835,9.17,0.1765,6.3340000000000005
205,5271f020-1a88-44d9-90e2-a0ffe1f12a79,Route 40 Midell Farm,31.520000000000003,40.760000000000005,27.720000000000002,1.725,1.43,5.233,0.159,6.314
206,52f52f28-ffdb-4e00-844c-2308b40e557f,north bins,4.67,64.64,30.690000000000005,1.4950000000000003,1.3835,9.17,0.1765,6.3340000000000005
207,54604b29-7694-4297-88d8-e18f22b9e4e3,pnd,40.46464646464647,38.303030303030305,21.232323232323235,2.542929292929293,1.3723232323232324,9.0,0.20070707070707072,5.983838383838384
208,54e34656-c44a-4c2e-8bef-30b1ede04093,Kaul East,1.0,69.66,29.340000000000003,0.9950000000000001,1.4164999999999999,9.17,0.1999,6.367000000000002
209,5534810e-223e-4600-8197-0c67322bc858,Kelsey Home East Harvest,82.2929292929293,13.565656565656566,4.141414141414142,0.5844191919191919,1.6411969696969697,90.48893939393938,0.09885050505050505,6.10269696969697
210,5594447d-be32-44ba-86a4-5cf8fe3e1f37,523 clone,56.414141414141405,30.01010101010101,13.575757575757578,1.1212121212121213,1.5215151515151515,28.230000000000004,0.14000000000000004,6.302020202020203
211,55b3e048-4eaf-48fb-af0a-24f42b624192,James Rodman_Courtney's_Big Field_2019_296L4_1,25.205,47.145,27.65,1.65,1.4824999999999997,10.7945,0.1665,6.72
212,56828ff9-f07c-4ee2-8ce5-0a30530a672e,Hamblock South Field,31.520000000000003,40.760000000000005,27.720000000000002,1.725,1.43,5.233,0.159,6.314
213,569c1843-f186-44ec-88a4-39d020158c07,1-0003CECILOLDBARN,9.45,77.1,13.45,1.5375,1.4325,9.17,0.23000000000000004,5.98
214,5794dae7-92e2-4122-9d42-b37251700445,Home farm,8.379999999999999,62.72,28.9,0.9324999999999999,1.392,9.17,0.2001,5.6739999999999995
215,58a08792-2b42-4d55-91bd-b65e454525b2,523 clone,36.0,41.599999999999994,22.4,2.7,1.438,9.17,0.194,5.959999999999998
216,58c21b79-9a10-494f-8caf-68cd4f45ad4b,1-0003little30,9.45,77.1,13.45,1.5375,1.4325,9.17,0.23000000000000004,5.98
217,58d4df3d-01b6-487c-a566-1c54b2b2ac4e,Pine Creek,8.0,62.660000000000004,29.34,1.76,1.4,9.17,0.1976,6.752
218,58dc9367-8cd4-4bef-9263-fd56ce618a0b,Home Farm West,40.835,37.790000000000006,21.375,2.3125,1.5225,9.0,0.202,6.725
219,58f62b9a-e526-4971-b7fc-88ec13c24b4e,Farmington 220,75.11,14.615000000000002,10.275,1.04125,1.4707500000000002,108.8767,0.11075,7.0075
220,59067677-aaf6-4ddd-aa85-b2dd8321a03a,526 clone,49.6,33.6,16.8,3.75,1.43,28.230000000000004,0.2,7.060000000000001
221,5a7a6a7f-8f30-42c4-a4b5-ab77be39c7ed,Haelys,54.28,28.55,17.17,1.6775000000000002,1.4786,12.028999999999998,0.14990000000000003,6.2
222,5a7b2ba6-66cc-4504-aeec-dd5b072fe8bd,Gisser Farm - Gisser North,31.18,40.56,28.26,3.2975,1.5055,9.17,0.1726,6.7
223,5a9cfc13-513e-4231-a558-f381b5ab568e,Smith Shrader East Yield,81.0,15.0,4.0,1.87,1.579,91.74,0.0942,6.234
224,5ba6d8ec-89d6-4f70-b3a0-681aaa2fd132,field-ne-001,84.12550000000002,9.1245,6.75,0.6000000000000001,1.55925,77.465,0.12505,6.757000000000001
225,5bed8464-2d71-4d73-aa54-402e36b5934f,StephenFarms_HomeFarm,2.0,76.0,22.0,2.0,1.4,9.17,0.22999999999999998,5.5
226,5c0c358b-27e2-4a7d-983b-0c51a19190ca,house,7.71,63.81,28.48,2.2845,1.39125,9.17,0.181,6.276999999999999
227,5c30e9c1-34cd-4230-9422-25887510a5b0,523 clone,67.32000000000001,21.34,11.340000000000002,0.8300000000000001,1.5500000000000003,28.230000000000004,0.1366,6.365000000000001
228,5ccdb277-5455-4bce-ac75-ba7e09d62188,Haelys,87.02000000000001,8.32,4.66,0.531,1.6603,70.7817,0.08660000000000001,6.266000000000002
229,5d0a3007-47c2-453d-a48a-c64ca0880ee6,home north 99,40.47,38.24,21.29,1.275,1.4890000000000003,11.994,0.1746,6.060000000000001
230,5d213e3f-ec79-4b70-a712-a14913060005,house,7.799999999999999,67.13499999999999,25.065000000000005,1.095,1.4532500000000002,9.17,0.19585,5.679
231,5d9ec559-370e-4963-aac5-ce3fdf100b9a,Eldons,17.80282828282828,50.6979797979798,31.49919191919192,1.4183585858585859,1.4980757575757573,4.3773484848484845,0.1544111111111111,6.646343434343435
232,5dbe450d-d363-4d42-8976-5a676fe97d59,fallow syndyome study,29.570000000000004,46.85,23.580000000000002,1.705,1.4799999999999998,9.17,0.198,6.9990000000000006
233,5df637de-3b79-40a0-93f6-e14a44ddfaac,Home farm,60.81,29.699999999999996,9.489999999999998,0.2925,1.5465999999999998,28.229999999999997,0.15339999999999998,5.6339999999999995
234,5e61f175-07b5-4e1e-8638-942648b0684c,north bins,3.5,67.6,28.9,1.1,1.371,9.17,0.20199999999999999,6.039999999999999
235,5e663007-5d49-4b5a-9ec9-9effec32b51e,Haelys,27.759999999999994,42.08,30.16,6.1,1.4276000000000002,9.17,0.21159999999999995,6.7
236,5e6a5393-c284-4c5a-a709-a3949e5ef9ea,house,7.71,63.81,28.48,2.2845,1.39125,9.17,0.181,6.276999999999999
237,5feb0155-d341-434a-8702-4a46ffd073c9,Baired,47.0,40.2,12.8,2.6500000000000004,1.46,28.230000000000004,0.172,6.080000000000001
238,600db29d-df77-4e3a-8865-67149f965cab,Rose's North of Creek_NO Product_1_poly,4.53,64.91,30.560000000000002,2.005,1.3765,9.17,0.1797,6.789999999999999
239,603a277f-c98f-4431-aa52-fc85d137e8da,Maytown North 80_NO Product_1_poly,1.7389999999999999,66.291,31.97,4.385400000000001,1.3035999999999999,9.17,0.1885,6.0360000000000005
240,627cc76d-1254-4efb-a0e7-df7f7a876214,home 141,10.0,61.6,28.4,3.430000000000001,1.34,3.0000000000000004,0.22200000000000003,6.120000000000001
241,62ae4ad9-4b22-4f73-b2bd-d4ee14840ff6,Smith Eiler North Ditch,84.47999999999999,10.94,4.58,0.9599999999999999,1.5789999999999997,91.74000000000001,0.0926,6.267999999999999
242,62cb4461-47da-4232-b4ec-bfe45cd8f988,Burrus Seed Farms - HBK  - Boundary,8.0,76.0,16.0,3.0,1.3,9.17,0.23,6.6000000000000005
243,63bd4dcd-20f2-4370-8c57-ed91a06deb64,Greg's,17.537999999999997,40.507999999999996,41.954,2.045,1.469,2.0751999999999997,0.1375,6.7330000000000005
244,63e566f8-bcf1-4e8b-9bfd-f95fccb5d960,1-000393acfield,6.000000000000001,73.5,20.5,1.0,1.4249999999999998,9.17,0.20999999999999996,5.9
245,64b4f4bc-eccc-4a18-929a-9de9c1bf8ff9,Farmington 220,40.098,40.267,19.635,1.435,1.445,39.6,0.1496,6.711000000000001
246,64d1c763-24ab-4df4-ab89-580b90a3316c,"MCCOY, SARAH-SALLY'S S 80-Soybeans",27.759999999999994,42.08,30.16,6.1,1.4276000000000002,9.17,0.21159999999999995,6.7
247,6535585e-25ab-4d56-9557-95c4fddc4686,F1,11.868686868686869,55.111111111111114,33.02020202020202,0.9131313131313131,1.5101010101010102,5.508181818181817,0.16050505050505048,6.385858585858587
248,65906415-58e0-48a8-b53d-7fc66918f5ae,cental il college,2.33,69.14500000000001,28.525,1.1625,1.4036000000000002,9.17,0.2032,6.200000000000001
249,67095115-fbd8-4ee7-a707-db7762026e64,paul jacobsons,11.868686868686869,55.111111111111114,33.02020202020202,0.9131313131313131,1.5101010101010102,5.508181818181817,0.16050505050505048,6.385858585858587
250,671824f7-acc7-44f7-8f09-647f0f84b655,1-0008DARKBARNHILL,9.45,77.1,13.45,1.5375,1.4325,9.17,0.23000000000000004,5.98
251,672623b8-15a5-4465-8237-06dd4db26d2f,west 85,4.67,64.64,30.690000000000005,1.4950000000000003,1.3835,9.17,0.1765,6.3340000000000005
252,672eb480-8f37-43d2-afd9-9ee06a95edc9,south of ditch,31.439999999999998,43.68,24.880000000000003,2.7800000000000002,1.532,9.170000000000002,0.20079999999999998,6.54
253,677f551c-438c-4596-a673-7f0691fa0d36,LT Till - CoC Conv Till,29.570000000000004,46.85,23.580000000000002,1.705,1.4799999999999998,9.17,0.198,6.9990000000000006
254,679b5226-ad41-4f2d-9ffb-ccfa10a369a9,523 clone,56.414141414141405,30.01010101010101,13.575757575757578,1.1212121212121213,1.5215151515151515,28.230000000000004,0.14000000000000004,6.302020202020203
255,679c37f4-95b7-47d8-b8bb-7b385ea9d175,house,7.71,63.81,28.48,2.2845,1.39125,9.17,0.181,6.276999999999999
256,67e381b9-123c-4f41-a5cc-70aeefe55e83,StephenFarms_BradKuegel,7.0,73.14,19.86,1.2850000000000001,1.4304999999999999,7.201499999999999,0.2069,6.238
257,68acecd3-e403-4f7d-9ef2-f81e624ce2f3,1-000393acfield,5.0,77.0,18.0,2.5,1.3,9.17,0.23,5.5
258,68fcc7f3-1f9c-4234-b027-24cd84f2a6f5,west field,1.7389999999999999,66.291,31.97,4.385400000000001,1.3035999999999999,9.17,0.1885,6.0360000000000005
259,68fddcdf-f8ad-4e73-813f-04e46adb7bb9,SEED-516-Soybeans,17.0,58.5,24.5,1.9,1.415,5.995,0.20500000000000002,6.3
260,6960fb1b-23c1-4f6a-aa29-b60b69feabee,house,7.71,63.81,28.48,2.2845,1.39125,9.17,0.181,6.276999999999999
261,698fb6e8-4c91-4165-89bb-c00da4b12fc4,LT Till - CoC No Till,29.570000000000004,46.85,23.580000000000002,1.705,1.4799999999999998,9.17,0.198,6.9990000000000006
262,6a17ecb4-370a-4997-bd60-951b1ddfe8ae,west 85 clone,4.67,64.64,30.690000000000005,1.4950000000000003,1.3835,9.17,0.1765,6.3340000000000005
263,6a3ff1ca-9e6c-47db-84ef-85326b4852a0,3-4-5,47.0,40.2,12.8,2.6500000000000004,1.46,28.230000000000004,0.172,6.080000000000001
264,6af79de7-426c-4dfa-98d9-fa62800f00d1,wales,4.0,69.19999999999999,26.799999999999994,2.3000000000000003,1.366,9.17,0.21400000000000002,5.84
265,6b705e16-d426-437e-9754-d8a0cd42935a,north bins,3.5,67.6,28.9,1.1,1.371,9.17,0.20199999999999999,6.039999999999999
266,6bb9f1ef-2755-48ea-a0dd-e610ca8356bf,Burrus Seed Farms - OS  - Boundary,9.0,76.0,15.0,0.625,1.3849999999999998,9.17,0.21600000000000003,6.699999999999998
267,6d7d655f-e38f-4ffb-93ed-c2910394a090,488 clone,4.67,64.64,30.690000000000005,1.4950000000000003,1.3835,9.17,0.1765,6.3340000000000005
268,6e1cbfaf-a0c8-4e64-b8ea-34fa7d56f050,Husteds South,17.537999999999997,40.507999999999996,41.954,2.045,1.469,2.0751999999999997,0.1375,6.7330000000000005
269,6ed942d1-07de-4d90-828a-fc52f63a09ba,LT Till - CoC No Till,29.570000000000004,46.85,23.580000000000002,1.705,1.4799999999999998,9.17,0.198,6.9990000000000006
270,6f26b3b2-b1d1-4514-ba84-16b4c16e1634,north bins,5.0,64.44,30.56,2.8899999999999997,1.3439999999999999,7.7095,0.1999,5.869
271,6f454fa2-62d8-4cde-b48e-aae454e18611,1-000840ac,9.45,77.1,13.45,1.5375,1.4325,9.17,0.23000000000000004,5.98
272,701a40a5-e6da-454d-b32b-5a51e92f9f0d,scn,7.71,63.81,28.48,2.2845,1.39125,9.17,0.181,6.276999999999999
273,70ff96fd-1776-4914-895a-c937b85217cf,east 80,4.67,64.64,30.690000000000005,1.4950000000000003,1.3835,9.17,0.1765,6.3340000000000005
274,717a43a7-65e9-45ee-9bdb-fa3003088af1,Burrus Seed Farms - HWT  - Boundary,8.0,76.0,16.0,3.0,1.3,9.17,0.23,6.6000000000000005
275,71d9dc3c-db90-4205-8d44-7b3231309316,Smith Carlson Big Yield,72.12,16.41,11.469999999999999,2.304,1.5913,11.0,0.1488,6.2059999999999995
276,7200dfce-a4ba-4e31-b64e-b155d10f6cbb,Smith Eiler North Ditch,72.12,16.41,11.469999999999999,2.304,1.5913,11.0,0.1488,6.2059999999999995
277,720b6126-68ca-4c74-92ec-42012ad79cb3,house,7.6,68.02,24.38,1.27,1.459,9.17,0.2022,5.448000000000001
278,7237855a-97e7-4667-ae1a-0ee80abb8d97,house,7.71,63.81,28.48,2.2845,1.39125,9.17,0.181,6.276999999999999
279,7290fc98-612b-4c15-b52d-108086195089,Smith Shrader East Yield,81.0,15.0,4.0,1.87,1.579,91.74,0.0942,6.234
280,72b19706-3434-4278-87e5-aadbd524b995,Dorris 80,4.265000000000001,67.62,28.115000000000002,2.59625,1.3690000000000002,9.17,0.2195,6.154000000000001
281,72d654da-5a55-4056-8140-03d999062830,James Rodman_Courtney's_Big Field_2019_296L4_1,13.33,47.723333333333336,38.946666666666665,2.4391666666666665,1.5125,4.0008333333333335,0.1772,6.707666666666667
282,72e6e869-eeb1-4253-8d9d-a56f2919a567,LT Till - CoC No Till,24.290000000000003,49.88,25.830000000000002,0.9375000000000002,1.5059999999999998,9.17,0.17520000000000002,5.918
283,733b3c24-39b8-4f39-bf80-1de4ad4f4895,StephenFarms_BradKuegel,7.0,71.0,22.0,2.0,1.38,9.17,0.2,5.8
284,73f4b6c2-5a34-4c4f-b0be-9795441b148d,Hamblock North Field,8.0,61.0,30.999999999999996,4.7875,1.2195,9.17,0.2215,7.03
285,7437f3d0-67b5-47d0-8888-ff2bb995645c,Maytown Buildings_NO Product_1_poly,1.7389999999999999,66.291,31.97,4.385400000000001,1.3035999999999999,9.17,0.1885,6.0360000000000005
286,7447dc52-df8b-4949-83bf-ff63d9afd6a5,Gisser Farm - Gisser SE,63.4,23.799999999999997,12.8,2.6,1.5700000000000003,28.23,0.15800000000000003,6.5
287,74508ea1-194d-4035-a289-2dfeeaa487d2,Pine Creek,4.0,69.19999999999999,26.799999999999994,2.3000000000000003,1.366,9.17,0.21400000000000002,5.84
288,75a3b337-9234-49ed-a504-98064aeeff21,1-000814ac,9.45,77.1,13.45,1.5375,1.4325,9.17,0.23000000000000004,5.98
289,767c675a-5a96-44e9-a5ce-cf3b41736be3,north bins,4.67,64.64,30.690000000000005,1.4950000000000003,1.3835,9.17,0.1765,6.3340000000000005
290,76862c8a-3e9f-48c9-a7c6-037a83b5e198,Kelsey Cannon Harvest,67.66,19.62,12.72,1.1400000000000001,1.45,28.23,0.15760000000000002,6.142
291,76eaeffb-9a4d-429e-a081-7f6e02e92032,yale,44.985,34.510000000000005,20.505000000000003,1.6525,1.4097500000000003,9.17,0.18569999999999998,6.9670000000000005
292,774b1e6a-61d1-4343-8dfb-5a3e22558f9c,Sallys building,17.72,55.47,26.81,2.471,1.4409999999999998,9.17,0.20369999999999996,6.411999999999999
293,777e8e1e-a6e8-45e3-b4ea-24a0d7080f60,Sheep and Garsons,4.0,69.19999999999999,26.799999999999994,2.3000000000000003,1.366,9.17,0.21400000000000002,5.84
294,77d5fbe9-61d9-448b-a1fb-884bcf62196d,BOB & WENDY Field 557,49.6,33.6,16.8,3.75,1.43,28.230000000000004,0.2,7.060000000000001
295,77e2ad8c-c23a-4c4c-b4a0-9eafcc43ad43,west field,1.7389999999999999,66.291,31.97,4.385400000000001,1.3035999999999999,9.17,0.1885,6.0360000000000005
296,780250d7-8c56-4105-b034-eae6939c4d93,SEED-516-Soybeans,27.5,50.5,22.0,2.125,1.275,9.17,0.21000000000000002,6.0
297,78c5d577-46d8-4ff6-8d64-70d5b7af84bb,Rosener,17.537999999999997,40.507999999999996,41.954,2.045,1.469,2.0751999999999997,0.1375,6.7330000000000005
298,7918efb2-1115-4e55-938e-5e95f221afb8,CrabtreeField3,7.12,69.87,23.01,0.8325,1.4398,7.201499999999999,0.2107,6.1448888888888895
299,794f4a3e-1ab5-488e-a74b-d7a4025d99ed,Zechiel Old Shop Harvest,59.45333333333334,25.679999999999996,14.866666666666667,0.975,1.5788666666666666,36.693333333333335,0.14060000000000003,6.023333333333333
300,7a55468c-514b-4799-b02e-a6cfc0256d4a,Home farm,18.4,56.6,25.0,1.19,1.4000000000000001,9.17,0.20600000000000002,6.02
301,7a707bd9-4904-4a05-b3ed-6a87c0177737,south,4.3,72.51470588235294,23.18529411764706,1.0883823529411765,1.392205882352941,6.5371500000000005,0.2031029411764706,6.594117647058823
302,7a995ae3-7121-4901-aa91-770fc2e95470,Roses south of creek,4.0,69.19999999999999,26.799999999999994,2.3000000000000003,1.366,9.17,0.21400000000000002,5.84
303,7af3aa77-df73-4f00-9e19-fb0c507445f6,scn,7.799999999999999,67.13499999999999,25.065000000000005,1.095,1.4532500000000002,9.17,0.19585,5.679
304,7b7a6ba5-68d0-4d7d-b834-e0352f76fe4e,Home farm,4.0,77.0,19.0,1.5,1.45,9.17,0.21999999999999997,6.8
305,7c207039-e69d-44bf-9f16-1046c90abac9,Buds house,24.21,52.49,23.299999999999994,2.7354999999999996,1.281,8.9795,0.20789999999999997,6.190999999999999
306,7c2be6b0-675d-427c-a215-9952c9954b96,house,7.6,68.02,24.38,1.27,1.459,9.17,0.2022,5.448000000000001
307,7d54301b-2c13-439f-ab51-aba6e9866d60,Sweet - Sweet,9.67,53.985,36.345,2.158,1.4299999999999997,3.6189999999999998,0.15565,6.5680000000000005
308,7db66f13-21ed-447c-9e04-94dfba7261af,Husteds South,89.67,6.32,4.01,0.49750000000000005,1.5835000000000001,91.74,0.0666,6.098000000000001
309,7e0a67ef-daa8-4b3a-98d6-d6337b2054f3,SEED-516-Soybeans,17.0,58.5,24.5,1.9,1.415,5.995,0.20500000000000002,6.3
310,7eaa7293-cbc1-477f-a0dc-fd07ffc74687,west field,4.0,69.95,26.050000000000004,2.1950000000000003,1.3025000000000002,9.170000000000002,0.21200000000000002,6.6450000000000005
311,7f46a268-c2c4-4225-800c-75b70eb38ac2,Vandyke,17.9,58.94,23.159999999999997,2.195,1.4789999999999999,9.17,0.21999999999999997,6.1
312,7f4e4866-3071-4e21-a29b-29c543d8e6d0,21-000128creek,7.666666666666667,74.76,17.573333333333334,1.5233333333333334,1.437,7.857666666666667,0.2146,6.125333333333334
313,7fa2c8b8-d603-4c80-a368-ed7087c4e3ae,CrabtreeField3,5.0,77.0,18.0,3.0000000000000004,1.3,9.17,0.23000000000000004,5.5
314,8167e550-14f8-4731-a9a6-ccc3bf9cf5b2,Richards,67.536,18.694,13.770000000000001,2.4250000000000003,1.6115000000000004,28.230000000000004,0.16310000000000002,6.5
315,82485c35-af64-45aa-8270-6c0504e9e902,Greg's,17.537999999999997,40.507999999999996,41.954,2.045,1.469,2.0751999999999997,0.1375,6.7330000000000005
316,827c260f-be2d-41f3-bad9-0e3219df1fe3,526 clone,31.520000000000003,40.760000000000005,27.720000000000002,1.725,1.43,5.233,0.159,6.314
317,8292b9d6-0f86-4cf8-932d-f1b55c600572,Armbruster,16.013,41.528000000000006,42.459,2.0235000000000003,1.483,2.1207,0.12635000000000002,6.740500000000001
318,82b3309a-677c-43b3-bbc6-0c5f008056fa,Harvestore Hwy,4.0,75.10000000000001,20.9,1.8075,1.186,9.170000000000002,0.22100000000000006,6.335000000000001
319,83208fb9-a7b1-437d-855f-9500f8852466,house,7.799999999999999,67.13499999999999,25.065000000000005,1.095,1.4532500000000002,9.17,0.19585,5.679
320,841fc775-1db5-4b2a-ade7-4cc180dac410,cental il college,2.33,69.14500000000001,28.525,1.1625,1.4036000000000002,9.17,0.2032,6.200000000000001
321,8460146b-16b6-40ea-bd1c-0b4869653b19,marv jacobsons,11.868686868686869,55.111111111111114,33.02020202020202,0.9131313131313131,1.5101010101010102,5.508181818181817,0.16050505050505048,6.385858585858587
322,846616d9-ef76-43cd-a49b-2adb310fb9fb,Hamblock South Field,31.520000000000003,40.760000000000005,27.720000000000002,1.725,1.43,5.233,0.159,6.314
323,84f12342-8fe1-4294-8f8c-b28af999068b,house,7.6,68.02,24.38,1.27,1.459,9.17,0.2022,5.448000000000001
324,85b028b2-30fb-43a0-ba19-09dc348dfa93,523 clone,36.0,41.599999999999994,22.4,2.7,1.438,9.17,0.194,5.959999999999998
325,864a1878-9e28-4159-9fbc-82bb03e8d952,South of House,1.0,69.66,29.340000000000003,0.9950000000000001,1.4164999999999999,9.17,0.1999,6.367000000000002
326,86639892-283e-4c31-b677-9e1c9423692c,fallow syndyome study,29.570000000000004,46.85,23.580000000000002,1.705,1.4799999999999998,9.17,0.198,6.9990000000000006
327,8693722b-aef4-4ebc-a0f4-7617b07a081e,marv jacobsons,11.868686868686869,55.111111111111114,33.02020202020202,0.9131313131313131,1.5101010101010102,5.508181818181817,0.16050505050505048,6.385858585858587
328,87f8fa19-e1f9-4e1d-ac89-7b2a52923864,pnd,36.339999999999996,41.059999999999995,22.6,2.118,1.4874,7.339999999999999,0.182,5.733999999999999
329,889523c5-7a23-4bc8-ae5b-e0141db64bb3,wales,4.0,67.31,28.689999999999998,1.3275000000000001,1.3969,9.17,0.2132,6.299000000000001
330,88eae05b-3368-4ee0-99f7-9e08cf3a35d1,Haelys,27.759999999999994,42.08,30.16,6.1,1.4276000000000002,9.17,0.21159999999999995,6.7
331,8963954b-130d-4712-a50b-f65a827e55c4,Haelys,56.414141414141405,30.01010101010101,13.575757575757578,1.1212121212121213,1.5215151515151515,28.230000000000004,0.14000000000000004,6.302020202020203
332,8a0786e8-5954-4442-8a83-7f99d27352b3,Moore 120,4.5125,69.91749999999999,25.57,2.8285,1.334,9.17,0.2162,6.398999999999999
333,8aa8f429-0b22-4ad0-bb75-4377747a5ed7,Harvestore Hwy,4.0,75.36000000000001,20.64,2.152,1.1756,9.170000000000002,0.22360000000000002,6.296
334,8baabd98-e759-4bd2-b58b-1ad3384245e1,Armbruster,16.013,41.528000000000006,42.459,2.0235000000000003,1.483,2.1207,0.12635000000000002,6.740500000000001
335,8bfe9ff7-0407-4405-bea3-666b3c2068a4,StephenFarms_KaelinFarm,11.0,71.0,18.0,2.0,1.3,9.17,0.21,5.8
336,8c4b9a13-42b3-46b1-ae45-2120c54e558d,house,7.6,68.02,24.38,1.27,1.459,9.17,0.2022,5.448000000000001
337,8c89a847-f09e-4b62-80bd-313d0d660033,field-ne-001,12.5,60.75,26.75,1.75,1.2725,9.0,0.22,7.275
338,8cc40efc-f981-4dc8-b333-b9a94b3cda8e,cental il college,2.33,69.14500000000001,28.525,1.1625,1.4036000000000002,9.17,0.2032,6.200000000000001
339,8d1768b2-2dad-438d-a41a-e73b21306d44,home 141,10.0,61.6,28.4,3.430000000000001,1.34,3.0000000000000004,0.22200000000000003,6.120000000000001
340,8d246ce6-d602-4856-9f93-2c66d149bd0d,west field,7.7700000000000005,60.459999999999994,31.770000000000003,4.08,1.246,9.17,0.19000000000000003,8.154
341,8e0155c3-ffd7-4fb2-935d-1e78dde249b3,west field,1.7389999999999999,66.291,31.97,4.385400000000001,1.3035999999999999,9.17,0.1885,6.0360000000000005
342,8ebf9f85-e089-42e5-9520-525d8a0ae6bf,BOB & WENDY Field 557,49.6,33.6,16.8,3.75,1.43,28.230000000000004,0.2,7.060000000000001
343,8fa1b5c3-c6ed-41fe-ad85-0ae566ff4f6c,shiley north of 64,4.0,69.19999999999999,26.799999999999994,2.3000000000000003,1.366,9.17,0.21400000000000002,5.84
344,8fb6d4a8-bfae-4a25-b7ed-5c1737121e06,1-0003little30,9.45,77.1,13.45,1.5375,1.4325,9.17,0.23000000000000004,5.98
345,903639f8-e7d1-4339-817c-3980d3fff1ca,YUSUF-MAIN-YUSUF MAIN-W OF RD-Soybeans,56.414141414141405,30.01010101010101,13.575757575757578,1.1212121212121213,1.5215151515151515,28.230000000000004,0.14000000000000004,6.302020202020203
346,905a03c9-e3af-405b-98f9-56df0335bac0,Maytown North 80_NO Product_1_poly,4.0,69.19999999999999,26.799999999999994,2.3000000000000003,1.366,9.17,0.21400000000000002,5.84
347,90dce079-83e3-432e-b449-4000b668ae38,Burrus Seed Farms - BMN  - Boundary,5.0,71.84,23.159999999999997,3.21,1.3126,9.17,0.2258,6.699999999999998
348,9180175d-fc37-4d27-9ebb-24c7a03001be,pnd,41.1,36.9,22.0,3.5,1.38,9.0,0.21,6.7
349,91d51395-ca4e-460b-b742-5643d27afb77,1-000830ac,7.666666666666667,74.76,17.573333333333334,1.5233333333333334,1.437,7.857666666666667,0.2146,6.125333333333334
350,9228ec48-8565-4a63-9a1d-ce820b3d35a5,house,7.71,63.81,28.48,2.2845,1.39125,9.17,0.181,6.276999999999999
351,92b105bd-b0f3-4af8-8c92-d09851c518cf,house,7.71,63.81,28.48,2.2845,1.39125,9.17,0.181,6.276999999999999
352,942537c8-3ce5-4b0a-ba55-ad3d33ca15ce,Pine Creek,8.0,62.660000000000004,29.34,1.76,1.4,9.17,0.1976,6.752
353,9435fb9c-c87c-49d5-b6ee-678048060dde,StephenFarms_HomeFarm,6.000000000000001,75.0,19.0,2.5,1.4499999999999997,9.17,0.20999999999999996,5.9
354,94684e01-e346-44e0-a553-5287995c59da,house,7.799999999999999,67.13499999999999,25.065000000000005,1.095,1.4532500000000002,9.17,0.19585,5.679
355,94a44f3b-2c17-43ec-916e-c63cb1b115ff,SEED-516-Soybeans,17.72,55.47,26.81,2.471,1.4409999999999998,9.17,0.20369999999999996,6.411999999999999
356,94b914a6-bfd9-4349-82be-e29e799c4612,1-000318ACBYCREEK,9.45,77.1,13.45,1.5375,1.4325,9.17,0.23000000000000004,5.98
357,94cc8fbe-bf14-4269-b5f8-58a6c52dcff6,1-0008HILLBYJAMO,6.000000000000001,73.5,20.5,1.0,1.4249999999999998,9.17,0.20999999999999996,5.9
358,94d843ef-38a1-49bf-8068-ca955a2195db,D Durdan Arnez,4.316831683168316,66.37623762376238,29.306930693069308,2.49009900990099,1.3658415841584157,9.17,0.1900990099009901,6.8396039603960395
359,94facec0-1aa2-4cdf-b8f7-aa4cd119dd24,Burrus Seed Farms - OS  - Boundary,9.0,76.0,15.0,0.625,1.3849999999999998,9.17,0.21600000000000003,6.699999999999998
360,956b0ae0-9b27-4739-b587-afa40dd86e8a,SEED-544-Soybeans,49.6,33.6,16.8,3.75,1.43,28.230000000000004,0.2,7.060000000000001
361,956b1fa1-8d2e-406c-b29e-2eb4d49f017a,1-0003little30,7.666666666666667,74.76,17.573333333333334,1.5233333333333334,1.437,7.857666666666667,0.2146,6.125333333333334
362,95790389-404f-4c10-be61-13908ae33a8e,SEED-516-Soybeans,27.5,50.5,22.0,2.125,1.275,9.17,0.21000000000000002,6.0
363,95c2e03b-40ea-4c4e-8f04-740eafab0718,north bins,7.3,64.1,28.599999999999998,1.45,1.42,9.17,0.18200000000000002,6.29
364,965cc385-7761-4321-b928-4a413bd254f5,526 clone,49.6,33.6,16.8,3.75,1.43,28.230000000000004,0.2,7.060000000000001
365,96a93283-e849-4c4a-b3a7-7f36b02dc9ce,Vandyke,51.18,35.699999999999996,13.12,1.6000000000000003,1.5433333333333337,15.523333333333335,0.1702,6.0073333333333325
366,96b26532-0ebf-4559-873b-625cecc0157d,Kelsey Cannon Harvest,67.66,19.62,12.72,1.1400000000000001,1.45,28.23,0.15760000000000002,6.142
367,96bd58bc-8018-41d2-8fc9-3a24d6daf0df,South of House,3.0,68.66,28.34,1.4500000000000004,1.424,9.17,0.2052,5.866
368,96fda453-300d-428a-9a56-0f9d2ffb3580,523 clone,55.75,30.55,13.7,1.1275,1.5255,28.230000000000004,0.14,6.395
369,980acc9d-c7dd-4d61-abb3-5790ac11ca2f,1-0003FIELDSBYDRIVE,9.45,77.1,13.45,1.5375,1.4325,9.17,0.23000000000000004,5.98
370,98952a06-5963-46ef-bad9-4836cc538f50,house,7.799999999999999,67.13499999999999,25.065000000000005,1.095,1.4532500000000002,9.17,0.19585,5.679
371,98d1926f-7bed-43ed-8d07-b6092fd1cc87,house,7.71,63.81,28.48,2.2845,1.39125,9.17,0.181,6.276999999999999
372,98db40e3-293c-4025-97a7-d2777e74a1d2,YUSUF-MAIN-YUSUF MAIN-W OF RD-Soybeans,36.0,41.599999999999994,22.4,2.7,1.438,9.17,0.194,5.959999999999998
373,994f6d35-1e3a-4470-bc8e-df4042c660b0,Coletta Durdan Shop,5.0,59.95,35.05,2.5575,1.3539999999999999,6.312500000000001,0.20300000000000004,6.290000000000001
374,996beccc-aef4-4612-a83c-f18254445483,1-000393acfield,5.0,76.5,18.5,1.5,1.375,9.17,0.22,5.7
375,999dad86-c97b-4d05-ae2e-f7d377d04051,SEED-544-Soybeans,49.6,33.6,16.8,3.75,1.43,28.230000000000004,0.2,7.060000000000001
376,99c67a61-aadb-437b-814e-a695a087a595,Hamblock North Field,31.520000000000003,40.760000000000005,27.720000000000002,1.725,1.43,5.233,0.159,6.314
377,99f5016a-e595-4a83-858f-6a8ec8d05029,house,7.799999999999999,67.13499999999999,25.065000000000005,1.095,1.4532500000000002,9.17,0.19585,5.679
378,9a955e0b-0a48-46aa-9513-162e8e3fb500,YUSUF-MAIN-YUSUF MAIN-W OF RD-Soybeans,67.32000000000001,21.34,11.340000000000002,0.8300000000000001,1.5500000000000003,28.230000000000004,0.1366,6.365000000000001
379,9b155322-9d10-4726-9f87-bb020f2258c0,north bins,3.5,67.6,28.9,1.1,1.371,9.17,0.20199999999999999,6.039999999999999
380,9b8b1a2d-b146-4773-bf38-ba76664f80c1,Stan Steed_Stan's_East of Bins_2019_264L4_1,25.205,47.145,27.65,1.65,1.4824999999999997,10.7945,0.1665,6.72
381,9c0bf6bf-70c9-41e2-ba9d-145f23b57015,north bins,5.0,57.2,37.8,4.1,1.3699999999999997,2.82,0.173,7.140000000000001
382,9c10a448-601f-4cb1-9ba6-cdd6c5f64fc0,SEED-516-Soybeans,27.5,50.5,22.0,2.125,1.275,9.17,0.21000000000000002,6.0
383,9c6bb389-f7ed-4675-bf27-dcced80ea1df,Rosener,22.740000000000002,38.31,38.95,0.9775000000000001,1.4875000000000003,3.0945,0.15,5.6000000000000005
384,9cba1a02-f1dd-4b2e-8771-b785bc087cf7,Rosener,17.537999999999997,40.507999999999996,41.954,2.045,1.469,2.0751999999999997,0.1375,6.7330000000000005
385,9e3d8596-7e87-4fb3-91fb-41490670524c,South of House,4.0,68.6,27.4,2.3000000000000003,1.366,9.17,0.21400000000000002,6.4
386,9e466b35-7ece-49b0-a209-f86e7e7ece98,SEED-517-Soybeans,31.01,43.28,25.71,0.8274999999999999,1.4470000000000003,4.9155,0.1865,6.5
387,9f0c5d92-d872-4ce4-9f85-55ca4bc6b543,Smith Carlson Big Yield,72.12,16.41,11.469999999999999,2.304,1.5913,11.0,0.1488,6.2059999999999995
388,9fa30daa-affb-4028-af67-0aca3fcf751c,1-0003CECILOLDBARN,9.45,77.1,13.45,1.5375,1.4325,9.17,0.23000000000000004,5.98
389,9fabb5da-3943-456a-bc50-fe4121cc30b4,Home Farm West,43.180952380952384,39.22380952380953,17.595238095238095,1.8412698412698414,1.4523809523809523,20.460317460317462,0.17984126984126983,6.500000000000001
390,9fdde024-83b0-4a9d-982b-3907d9939ba0,turner south,4.0,75.0,21.0,2.5,1.4,9.17,0.21,6.2
391,a042ab39-6d13-4ae3-bb17-ef254e206217,Kelsey Cannon Harvest,85.97973597359737,9.181716171617161,4.838547854785479,1.9194389438943895,1.6039026402640264,91.74000000000001,0.09521617161716171,5.8134785478547855
392,a1015c2d-15e9-486e-be8e-983effef8ea3,SEED-516-Soybeans,27.5,50.5,22.0,2.125,1.275,9.17,0.21000000000000002,6.0
393,a1b476ca-87e2-4cb9-9be1-efd7e4ebe962,yale,44.985,34.510000000000005,20.505000000000003,1.6525,1.4097500000000003,9.17,0.18569999999999998,6.9670000000000005
394,a1ddb7a6-3e51-4fac-9cca-203515f69856,StephenFarms_HomeFarm,6.000000000000001,75.0,19.0,2.5,1.4499999999999997,9.17,0.20999999999999996,5.9
395,a238702a-cfc2-4d83-8a8e-ba6d50caee65,D Durdan Arnez,4.265000000000001,67.62,28.115000000000002,2.59625,1.3690000000000002,9.17,0.2195,6.154000000000001
396,a24c5349-63b7-4719-bfc7-a3ec669a5183,StephenFarms_KaelinFarm,11.0,71.0,18.0,2.0,1.3,9.17,0.21,5.8
397,a2fe4789-16eb-43b0-ad67-04802a82fbff,WRIGLEY-MGW-WRIGLEY-Soybeans,8.0,61.0,30.999999999999996,4.7875,1.2195,9.17,0.2215,7.03
398,a35d42f7-cbad-48ef-8d59-8cb934ee6f18,Burrus Seed Farms - HWT  - Boundary,9.0,76.0,15.0,0.625,1.3849999999999998,9.17,0.21600000000000003,6.699999999999998
399,a39741ee-ead0-4d08-a400-5b571360366b,Buds house,38.12,40.519999999999996,21.36,4.5200000000000005,1.5,9.17,0.17759999999999998,6.848
400,a3c5eecf-e8f0-4423-9f8f-e16ad5209906,Bob's North,18.503333333333334,44.85333333333333,36.64333333333334,1.6808333333333334,1.5080000000000002,3.6963333333333335,0.1665,6.355666666666667
401,a3c8f24f-3001-44d4-9366-0cf00411ef9e,StephenFarms_HomeFarm,5.0,77.0,18.0,3.0000000000000004,1.3,9.17,0.23000000000000004,5.5
402,a3fbc759-df0e-40b2-91e6-8a4a841fc57b,HAEFNER-HAEFNER-Corn,95.0,3.0,2.0,0.63,1.5,91.74,0.0824,5.9
403,a40bae23-2333-42b9-8ba2-ec32e90101db,south of ditch,49.6,33.6,16.8,3.75,1.43,28.230000000000004,0.2,7.060000000000001
404,a4a3b64f-4496-4cce-80b9-23a1125e885e,SEED-516-Soybeans,17.0,58.5,24.5,1.9,1.415,5.995,0.20500000000000002,6.3
405,a4c8871e-9aab-4079-af18-4bc3e91ec3c9,Kelsey Cannon Harvest,87.72,7.84,4.4399999999999995,2.2319999999999998,1.3976000000000002,55.0,0.0892,6.255999999999999
406,a5144c71-be53-4aae-88c0-2cb821347022,cental il college,2.33,69.14500000000001,28.525,1.1625,1.4036000000000002,9.17,0.2032,6.200000000000001
407,a5186553-979a-4bea-b27e-bd6d1651952b,StephenFarms_KaelinFarm,41.9,37.9,20.2,0.4,1.3699999999999999,13.406,0.217,5.779999999999999
408,a5876829-3786-4e4b-a563-9eebcc0c7e9a,west field,4.67,64.64,30.690000000000005,1.4950000000000003,1.3835,9.17,0.1765,6.3340000000000005
409,a5a549a6-c918-4390-aaa3-8a5b608d5d58,Hamblock South Field,31.520000000000003,40.760000000000005,27.720000000000002,1.725,1.43,5.233,0.159,6.314
410,a5ab48c7-389b-4397-89eb-f42388ec3d83,west field,4.0,69.95,26.050000000000004,2.1950000000000003,1.3025000000000002,9.170000000000002,0.21200000000000002,6.6450000000000005
411,a5d1efe8-b69a-415c-a89c-d8558d0658c3,LT Till - Corn-Bean Conv Till,29.570000000000004,46.85,23.580000000000002,1.705,1.4799999999999998,9.17,0.198,6.9990000000000006
412,a67c7a73-a145-4c4d-99a3-bbbcff09606d,South of House,3.5,68.16,28.34,1.26,1.3685999999999998,9.17,0.2052,5.752000000000001
413,a760b73a-acab-4f31-a60e-edf13984b8f2,Maytown North 80_NO Product_1_poly,3.0,69.38,27.62,3.6224999999999996,1.2459,9.17,0.2192,6.2
414,a7f75f54-6ef6-4527-8154-39ae3288787e,Vandyke,51.18,35.699999999999996,13.12,1.6000000000000003,1.5433333333333337,15.523333333333335,0.1702,6.0073333333333325
415,a7fc808d-1ddf-4766-b2fc-49cf5ee14d15,StephenFarms_HomeFarm,6.000000000000001,75.0,19.0,2.5,1.4499999999999997,9.17,0.20999999999999996,5.9
416,a8551ec5-fa91-419e-9bd4-4b9e5c4d2c76,turner south,3.5,68.16,28.34,1.26,1.3685999999999998,9.17,0.2052,5.752000000000001
417,a911773a-0399-45a5-94dd-8c3ce0500db0,SEED-544-Soybeans,49.6,33.6,16.8,3.75,1.43,28.230000000000004,0.2,7.060000000000001
418,a930813e-3e3e-48cf-a6c5-bcc4e2893062,Cragen Jerry's Place - JP City Dump,38.8,37.66,23.540000000000006,1.0350000000000001,1.462,9.17,0.19519999999999998,5.952000000000001
419,a991fe1b-173e-476d-a3f3-05f53775e382,1-000393acfield,5.0,77.0,18.0,2.5,1.3,9.17,0.23,5.5
420,a9f17e18-8fb2-4bdd-bc88-18def33fe952,GriggsFarms_NeilSmith4374_12,5.0,77.0,18.0,1.5,1.4600000000000002,9.17,0.18,5.1
421,aa03000c-c1d1-4448-9d78-ebdd18e117ce,HAEFNER-HAEFNER-Corn,67.32000000000001,21.34,11.340000000000002,0.8300000000000001,1.5500000000000003,28.230000000000004,0.1366,6.365000000000001
422,aa7070dc-4b79-4349-894c-2b6164e6763e,StephenFarms_BradKuegel,6.000000000000001,75.0,19.0,2.5,1.4499999999999997,9.17,0.20999999999999996,5.9
423,aac394f3-891d-4478-a8c0-e8bd9d3ade73,field-ne-001,7.880000000000001,62.269999999999996,29.85,2.055,1.3365,3.8103000000000007,0.20579999999999998,6.5150000000000015
424,ab16b48f-97c4-4fe9-8563-c00f605d6e04,Roses south of creek,4.0,69.19999999999999,26.799999999999994,2.3000000000000003,1.366,9.17,0.21400000000000002,5.84
425,ac2cc435-8468-4700-9be1-9949265072af,Sheep and Garsons,4.0,69.19999999999999,26.799999999999994,2.3000000000000003,1.366,9.17,0.21400000000000002,5.84
426,aca317c1-e92b-4548-9b53-60eb782e2520,"MORRISSEY, JOE-JOE MORRIS-N 40-Corn",27.5,51.5,21.0,1.8,1.475,9.17,0.19500000000000003,5.9
427,acb813da-100d-49e7-a303-1bd720fa74bc,488 clone,7.3,64.1,28.599999999999998,1.45,1.42,9.17,0.18200000000000002,6.29
428,adcca313-3e73-4515-9132-1ca32926e178,Husteds South,17.537999999999997,40.507999999999996,41.954,2.045,1.469,2.0751999999999997,0.1375,6.7330000000000005
429,ae07ffc1-e171-4e83-b1be-916ac4db065a,SEED-544-Soybeans,49.6,33.6,16.8,3.75,1.43,28.230000000000004,0.2,7.060000000000001
430,aeae8396-4c4b-452a-91f1-354f7f8f157e,Home farm,4.0,68.6,27.4,0.7749999999999998,1.438,9.17,0.19599999999999998,6.14
431,af25fe0a-690d-42ae-9354-b01bd550c07f,Home Farm West,42.141,38.759,19.1,1.0275,1.5591,19.07,0.1386,7.177
432,af260950-03a5-494b-aeeb-2c3e39733c17,OwlRidgeBig230-1,14.920000000000002,55.16000000000001,29.92,3.1200000000000006,1.4660000000000002,9.170000000000002,0.1732,6.66
433,afb4ce74-dd0e-4982-847b-1adf764c09fc,west field,4.5,63.940000000000005,31.560000000000002,4.06,1.342,9.17,0.17440000000000003,7.024
434,aff72752-27ae-4242-a6d6-0490a9d5a301,corn 19-02 ,10.0,57.318000000000005,32.681999999999995,3.5145,1.4354999999999998,9.17,0.21225000000000002,6.599200000000001
435,b117eb94-a837-43a1-aeb0-88e4528d41e1,StephenFarms_HomeFarm,5.0,77.0,18.0,3.0000000000000004,1.3,9.17,0.23000000000000004,5.5
436,b17d3edd-7cbd-4c41-846c-e23e3c2b2add,Hahnaman,3.0,68.66,28.34,1.4500000000000004,1.424,9.17,0.2052,5.866
437,b23cb997-e596-4fd6-a4ca-74f17d2228ca,Burrus Seed Farms - BT Plot  - Boundary,5.0,71.84,23.159999999999997,3.21,1.3126,9.17,0.2258,6.699999999999998
438,b2d3cfde-058a-488b-9ebc-af861eb86497,stevenson,46.18910891089109,31.46435643564356,22.346534653465348,2.297029702970297,1.4586138613861384,9.17,0.19227722772277225,6.600990099009901
439,b32f4e89-c108-4145-a3c6-3b6a42099109,Dawson Farms - 2016 Doug C,18.683333333333334,45.49333333333334,35.82333333333333,1.7958333333333332,1.5050000000000001,3.9438333333333335,0.17696666666666663,6.352666666666667
440,b36a6bf3-bec9-420d-a58b-42f4d43b853e,StephenFarms_KaelinFarm,11.0,71.0,18.0,2.0,1.3,9.17,0.21,5.8
441,b380e644-d9b6-4e3c-9ce4-07bd43d4a437,Maytown Buildings_NO Product_1_poly,4.0,69.19999999999999,26.799999999999994,2.3000000000000003,1.366,9.17,0.21400000000000002,5.84
442,b39064ea-784d-40f9-a4b6-d649c45a9d68,James Rodman_Courtney's_Big Field_2019_296L4_1,25.205,47.145,27.65,1.65,1.4824999999999997,10.7945,0.1665,6.72
443,b3a22bf1-5854-4623-a5a1-271c776da4f8,rawson,32.0,45.0,23.0,1.7142857142857144,1.5300000000000002,9.0,0.20999999999999996,6.6
444,b4cc9f2a-14fb-450a-8bdb-74ea9a845759,Don Masterson - Don - Mont 09,10.0,66.0,24.0,2.375,1.475,9.17,0.22999999999999998,6.700000000000001
445,b529f6c9-a77e-44e6-912a-8dde686e36ac,field-ne-001,17.75,58.22666666666667,24.02333333333333,2.06,1.3421666666666665,8.1348,0.21296666666666667,6.997
446,b579e5dd-fde9-40ff-8018-395b0845438e,Essary-CherryFarms_JimBob_JimBob1,38.0,43.5,18.5,2.0,1.5,9.17,0.2,5.9
447,b69c5752-fe8d-47fa-abdd-8fda1fc0c1ac,west 85,7.3,64.1,28.599999999999998,1.45,1.42,9.17,0.18200000000000002,6.29
448,b6e3ef12-3784-4809-adf3-aa5b8f297d6f,Smith Shrader East Yield,72.12,16.41,11.469999999999999,2.304,1.5913,11.0,0.1488,6.2059999999999995
449,b7220c72-95ad-4f0b-b2aa-7bec58afac1b,west 85 clone,7.3,64.1,28.599999999999998,1.45,1.42,9.17,0.18200000000000002,6.29
450,b820c24c-0490-4618-9337-c4c6262d9588,1-000393acfield,9.45,77.1,13.45,1.5375,1.4325,9.17,0.23000000000000004,5.98
451,b865fd50-8352-4c35-ade8-41fb885b4df6,Korb West 80,8.0,53.0,39.0,3.125,1.375,2.82,0.15500000000000003,6.9
452,b882384c-9d54-4264-a53c-cf93b5d2741e,Korb West 80,24.770000000000003,47.52000000000001,27.71,2.557,1.4529999999999998,9.17,0.1635,7.0
453,b8a6631a-937b-4742-ad17-b97b82f31dc1,field-ne-001,29.825000000000003,49.365,20.810000000000002,1.8525,1.3605,7.7022,0.2012,6.837999999999999
454,b9319339-dfa5-405e-849f-25f31fc0a037,1-000318ACBYCREEK,9.45,77.1,13.45,1.5375,1.4325,9.17,0.23000000000000004,5.98
455,b9a747e5-f72f-4ea2-bef8-f16fa07eb069,Armbruster,27.396666666666665,40.45333333333334,32.15,2.0224999999999995,1.4837,6.074366666666666,0.171,6.396000000000001
456,ba578d54-287f-4d35-8daa-f4748a649f04,LT Till - Corn-Bean Conv Till,29.570000000000004,46.85,23.580000000000002,1.705,1.4799999999999998,9.17,0.198,6.9990000000000006
457,ba9f2a85-fdd1-4a9c-b6d6-7cf5a9ddc1b4,1-0008NEXTTOROBERT,9.45,77.1,13.45,1.5375,1.4325,9.17,0.23000000000000004,5.98
458,bb8aa0e9-a5ef-4213-8947-8fdfea962c94,field-ne-001,89.9,5.1,5.0,0.8358292079207921,1.633168316831683,92.0,0.08234999999999999,6.3229900990099015
459,bbf11abe-a6d1-43e4-b9fc-abeaee2f3b36,Johnson . ,3.0,69.38,27.62,3.6224999999999996,1.2459,9.17,0.2192,6.2
460,bc5a7aad-6bb7-4257-a231-571dedad46a1,Maytown Buildings_NO Product_1_poly,3.0,69.38,27.62,3.6224999999999996,1.2459,9.17,0.2192,6.2
461,bc7e8f3c-cc3b-4271-bbdd-31bc58dfff55,Home farm,8.379999999999999,62.72,28.9,0.9324999999999999,1.392,9.17,0.2001,5.6739999999999995
462,bca9e94a-594f-4e79-86d9-2433d0eafaeb,turner south,4.0,69.19999999999999,26.799999999999994,2.3000000000000003,1.366,9.17,0.21400000000000002,5.84
463,bceedde5-a254-406f-8a37-3bb14626aa7f,Husteds South,17.537999999999997,40.507999999999996,41.954,2.045,1.469,2.0751999999999997,0.1375,6.7330000000000005
464,bd7cecf3-1dc3-4870-88da-0da1509906b5,YUSUF-MAIN-YUSUF MAIN-W OF RD-Soybeans,67.32000000000001,21.34,11.340000000000002,0.8300000000000001,1.5500000000000003,28.230000000000004,0.1366,6.365000000000001
465,bdaea2ec-67c8-43ef-8bc1-401c3aa941e0,YUSUF-MAIN-YUSUF MAIN-W OF RD-Soybeans,56.414141414141405,30.01010101010101,13.575757575757578,1.1212121212121213,1.5215151515151515,28.230000000000004,0.14000000000000004,6.302020202020203
466,bee50f72-8559-4dff-b580-b5c5d00542dd,Kelsey Home East Harvest,80.85861952861954,14.827104377104376,4.314276094276095,0.775446127946128,1.6106313131313132,90.82595959595959,0.09586700336700338,6.190131313131314
467,bf2942f2-1e5d-4845-8ff3-6e2edc28d1ae,SEED-544-Soybeans,49.6,33.6,16.8,3.75,1.43,28.230000000000004,0.2,7.060000000000001
468,bf577ca3-3336-418a-a30e-2e97ecd2cc5e,SEED-516-Soybeans,17.0,58.5,24.5,1.9,1.415,5.995,0.20500000000000002,6.3
469,bfa8471f-9a9d-48f4-bccb-c97dc6238af3,Sallys building,31.520000000000003,40.760000000000005,27.720000000000002,1.725,1.43,5.233,0.159,6.314
470,bfee28b4-a635-4918-9f95-faf71f084b5c,James Rodman_Courtney's_Big Field_2019_296L4_1,13.33,47.723333333333336,38.946666666666665,2.4391666666666665,1.5125,4.0008333333333335,0.1772,6.707666666666667
471,c055072e-513e-44ac-a8fc-e0dc7328f457,YUSUF-MAIN-YUSUF MAIN-W OF RD-Soybeans,67.32000000000001,21.34,11.340000000000002,0.8300000000000001,1.5500000000000003,28.230000000000004,0.1366,6.365000000000001
472,c07d3b1e-e48e-45c7-ac1e-4b9a281b2e0d,house,7.71,63.81,28.48,2.2845,1.39125,9.17,0.181,6.276999999999999
473,c0aaf253-9534-48ea-bb5a-5d1ef0d60696,YUSUF-MAIN-YUSUF MAIN-W OF RD-Soybeans,67.32000000000001,21.34,11.340000000000002,0.8300000000000001,1.5500000000000003,28.230000000000004,0.1366,6.365000000000001
474,c0c39ec0-7c24-41f0-b886-7d00fa0fa1d5,Smith Scott South Yield,96.0,3.0,1.0,0.1,1.7,55.0,0.060000000000000005,5.6
475,c0f3c532-ee0d-468c-a68c-4e5836ffa3b2,west field,7.3,64.1,28.599999999999998,1.45,1.42,9.17,0.18200000000000002,6.29
476,c148eaa7-9598-4137-a1c3-1039e6e94625,519 clone,7.7700000000000005,60.459999999999994,31.770000000000003,4.08,1.246,9.17,0.19000000000000003,8.154
477,c2390f50-0d9a-4ce5-a63a-33a1cf483b11,Greg's,21.619999999999997,36.64,41.74,1.3675000000000002,1.4875000000000003,2.742,0.15,5.6
478,c2bf76e8-86f3-4c04-9a78-81da15aaa0fb,YUSUF-MAIN-YUSUF MAIN-W OF RD-Soybeans,56.414141414141405,30.01010101010101,13.575757575757578,1.1212121212121213,1.5215151515151515,28.230000000000004,0.14000000000000004,6.302020202020203
479,c39b653c-193e-496c-a27c-c827236454c1,Kaul East,1.0,69.66,29.340000000000003,0.9950000000000001,1.4164999999999999,9.17,0.1999,6.367000000000002
480,c428cfb2-aa56-4165-8063-8ac40d3a855f,Hahnaman,4.0,69.19999999999999,26.799999999999994,2.3000000000000003,1.366,9.17,0.21400000000000002,5.84
481,c51f08bf-0280-4245-8b44-e23f1c406e6b,526 clone,31.520000000000003,40.760000000000005,27.720000000000002,1.725,1.43,5.233,0.159,6.314
482,c56937bd-f0ac-4c08-85e5-c596f5111c23,BOB & WENDY Field 557,49.6,33.6,16.8,3.75,1.43,28.230000000000004,0.2,7.060000000000001
483,c5b6d1d0-f345-48cc-b988-a4ba6a5c41cf,519 clone,7.3,64.1,28.599999999999998,1.45,1.42,9.17,0.18200000000000002,6.29
484,c5bcdecf-5ef3-45da-b43f-ffdd24daff18,Johnson . ,4.0,69.19999999999999,26.799999999999994,2.3000000000000003,1.366,9.17,0.21400000000000002,5.84
485,c5fb4b2a-d510-4bba-8956-2a45fbc88f1e,Haelys,27.759999999999994,42.08,30.16,6.1,1.4276000000000002,9.17,0.21159999999999995,6.7
486,c72b12a2-85de-4923-9fa7-5058363ff324,Eldons,17.80282828282828,50.6979797979798,31.49919191919192,1.4183585858585859,1.4980757575757573,4.3773484848484845,0.1544111111111111,6.646343434343435
487,c7310683-e44f-40c1-bb4d-22f8ba80e234,523 clone,67.32000000000001,21.34,11.340000000000002,0.8300000000000001,1.5500000000000003,28.230000000000004,0.1366,6.365000000000001
488,c7f5c2c6-8d52-4f6f-a0dc-a579f78d1d90,house,7.799999999999999,67.13499999999999,25.065000000000005,1.095,1.4532500000000002,9.17,0.19585,5.679
489,c8d7204e-e862-4eaf-a873-13a7c700b483,Moore 80,5.0,59.95,35.05,2.5575,1.3539999999999999,6.312500000000001,0.20300000000000004,6.290000000000001
490,c90f8749-32ea-4942-9cb9-b9a7a1b4e7d3,fallow syndyome study,29.570000000000004,46.85,23.580000000000002,1.705,1.4799999999999998,9.17,0.198,6.9990000000000006
491,c921244d-1bdc-4e96-930b-c4fe086cbdf3,Essary-CherryFarms_JimBob_JimBob1,38.0,43.5,18.5,2.0,1.5,9.17,0.2,5.9
492,c951bda9-5273-43bf-9baf-11482eceaadb,west 85,4.67,64.64,30.690000000000005,1.4950000000000003,1.3835,9.17,0.1765,6.3340000000000005
493,cad980cf-17f6-4bdd-8f34-24d71712c166,Smith Shrader East Yield,81.0,15.0,4.0,1.87,1.579,91.74,0.0942,6.234
494,cadd0d84-bd0d-41ba-a31a-d2980a6e4ba4,Hamblock South Field,31.520000000000003,40.760000000000005,27.720000000000002,1.725,1.43,5.233,0.159,6.314
495,cb01ae7f-7771-43bf-9b87-699c9f63831a,Zechiel McGee House Harvest,54.99,28.42,16.59,1.11125,1.54325,21.844900000000003,0.14,6.339500000000001
496,cb360722-5631-46ba-bcf7-8061a7de8bc8,LT Till - CoC Conv Till,24.290000000000003,49.88,25.830000000000002,0.9375000000000002,1.5059999999999998,9.17,0.17520000000000002,5.918
497,cb386e02-7518-41d3-abab-b1cf5c4a2cbf,488 clone,7.3,64.1,28.599999999999998,1.45,1.42,9.17,0.18200000000000002,6.29
498,cc0d4ecc-3240-4bed-9be9-065fb43f9026,Hulmes South Big Pivot Harvest,76.36,14.773333333333333,8.866666666666667,1.1975,1.5454999999999999,49.4,0.13596666666666668,6.007000000000001
499,cc10f270-c467-48ae-848f-810bf9a5db73,Burrus Seed Farms - HBK  - Boundary,8.0,76.0,16.0,3.0,1.3,9.17,0.23,6.6000000000000005
500,cc6a6d99-c879-46e4-82e2-a67cd62aaa93,Killen N 64,7.7700000000000005,60.459999999999994,31.770000000000003,4.08,1.246,9.17,0.19000000000000003,8.154
501,ccec64d4-752f-4717-8955-6294acfafac7,Rosener,17.537999999999997,40.507999999999996,41.954,2.045,1.469,2.0751999999999997,0.1375,6.7330000000000005
502,ccf8a64d-4260-423d-b5a0-7640a71ca35b,Smith Carlson Big Yield,49.08,32.22,18.700000000000003,3.0374999999999996,1.5175,9.17,0.192,6.615
503,ccfa3176-453c-4c34-afe8-3c25bae6691e,north bins,4.0,69.19999999999999,26.799999999999994,2.3000000000000003,1.366,9.17,0.21400000000000002,5.84
504,cd4be66d-a66a-4af4-b746-ba10c44e4bb9,519 clone,7.7700000000000005,60.459999999999994,31.770000000000003,4.08,1.246,9.17,0.19000000000000003,8.154
505,cd72b04c-59c6-4f5b-9b53-f01193bdd574,house,7.6,68.02,24.38,1.27,1.459,9.17,0.2022,5.448000000000001
506,ce3d3c70-7f27-4730-b355-8bce7126e7b7,east 80,4.67,64.64,30.690000000000005,1.4950000000000003,1.3835,9.17,0.1765,6.3340000000000005
507,cea81270-b572-4f4a-b124-58c18e044bc8,Rockville 80,9.0,60.0,31.0,3.1,1.375,9.17,0.18000000000000002,7.0
508,cea82896-f3e9-4515-82f3-35487855e834,east 80,1.7389999999999999,66.291,31.97,4.385400000000001,1.3035999999999999,9.17,0.1885,6.0360000000000005
509,cf222298-6cee-4e61-8543-1621fe89ab05,Moore 80,5.0,56.75,38.25,3.565000000000001,1.354,5.405,0.1665,7.0
510,cf6136bf-9daa-45e6-a129-d1db03a8b26f,yale,23.909090909090907,43.63636363636363,32.45454545454546,5.5606060606060606,1.1863636363636363,3.0124242424242427,0.18,6.77878787878788
511,cf684722-020b-44c8-898c-0ce404692a36,SEED-516-Soybeans,17.72,55.47,26.81,2.471,1.4409999999999998,9.17,0.20369999999999996,6.411999999999999
512,d07137e6-465c-4438-853d-b5cb4d92ed43,turner south,4.0,69.19999999999999,26.799999999999994,2.3000000000000003,1.366,9.17,0.21400000000000002,5.84
513,d08d4deb-b9e1-44fe-ab99-13a1defd2562,SEED-517-Soybeans,27.5,51.5,21.0,1.8,1.475,9.17,0.19500000000000003,5.9
514,d169388a-2f3a-48df-8690-22ad1cd4f37c,Hamblock South Field,31.520000000000003,40.760000000000005,27.720000000000002,1.725,1.43,5.233,0.159,6.314
515,d1a95147-84fd-4f2d-ac69-0ac4e3856180,3-4-5,47.0,40.2,12.8,2.6500000000000004,1.46,28.230000000000004,0.172,6.080000000000001
516,d2087a0d-ea7e-44aa-b797-c6272e8e37bb,Smith Shrader East Yield,81.0,15.0,4.0,1.87,1.579,91.74,0.0942,6.234
517,d213ef9b-5959-4c59-8402-7d9b6b7ef875,Route 40,31.520000000000003,40.760000000000005,27.720000000000002,1.725,1.43,5.233,0.159,6.314
518,d28daef5-7cc7-4064-816c-53c333529ace,Rose's North of Creek_NO Product_1_poly,4.0,69.19999999999999,26.799999999999994,2.3000000000000003,1.366,9.17,0.21400000000000002,5.84
519,d2cf35e6-ffd6-4c55-b788-0d28d9b4fbad,HAEFNER-HAEFNER-Corn,56.414141414141405,30.01010101010101,13.575757575757578,1.1212121212121213,1.5215151515151515,28.230000000000004,0.14000000000000004,6.302020202020203
520,d2f40ddb-bc31-49e5-a387-a2de8231fb52,BHackman Brian Hackman - Brian House,17.0,68.5,14.5,1.75,1.44,9.17,0.20999999999999996,5.9
521,d3178d62-af8f-46a0-af9b-f3f858a45a11,Sweet - Sweet,8.530000000000001,57.370000000000005,34.1,1.5190000000000001,1.4570000000000003,4.3515,0.1559,6.647
522,d363315c-c074-40d1-adf6-9992b0c3af6d,Johnson . ,4.0,69.19999999999999,26.799999999999994,2.3000000000000003,1.366,9.17,0.21400000000000002,5.84
523,d45513b1-7af7-490e-a3fc-53df6ae6d745,Haelys,54.28,28.55,17.17,1.6775000000000002,1.4786,12.028999999999998,0.14990000000000003,6.2
524,d46b410a-4832-42a8-b454-1e97d80402f5,north bins,4.67,64.64,30.690000000000005,1.4950000000000003,1.3835,9.17,0.1765,6.3340000000000005
525,d4f0d200-7e21-4b0c-982d-4199fd777bed,1-0003little30,7.666666666666667,74.76,17.573333333333334,1.5233333333333334,1.437,7.857666666666667,0.2146,6.125333333333334
526,d5d8948b-0087-4060-9dd4-cd44abf5ab65,D Durdan Arnez,4.316831683168316,66.37623762376238,29.306930693069308,2.49009900990099,1.3658415841584157,9.17,0.1900990099009901,6.8396039603960395
527,d5f3df40-82e7-4f23-ba49-0c275f2bdeb3,yale,44.985,34.510000000000005,20.505000000000003,1.715,1.4085,9.17,0.18495,6.947
528,d6fcb8e7-574b-47fb-948c-b2283af7d5eb,SEED-516-Soybeans,38.12,40.519999999999996,21.36,4.5200000000000005,1.5,9.17,0.17759999999999998,6.848
529,d6fd9f85-33f7-42b5-ad56-67ddedbd5377,YUSUF-MAIN-YUSUF MAIN-W OF RD-Soybeans,56.414141414141405,30.01010101010101,13.575757575757578,1.1212121212121213,1.5215151515151515,28.230000000000004,0.14000000000000004,6.302020202020203
530,d7c427de-7742-4b58-870f-602703aa5fa6,523 clone,67.32000000000001,21.34,11.340000000000002,0.8300000000000001,1.5500000000000003,28.230000000000004,0.1366,6.365000000000001
531,d8305900-026d-424b-8ee3-30c5b78a0eae,SEED-544-Soybeans,49.6,33.6,16.8,3.75,1.43,28.230000000000004,0.2,7.060000000000001
532,d854bb7e-2c32-45c3-a54e-b3801592026c,Rockville 80,9.0,60.0,31.0,3.1,1.375,9.17,0.18000000000000002,7.0
533,d8aaf52e-8cbb-4bd5-8a78-77fb556cffe5,1-000830ac,7.666666666666667,74.76,17.573333333333334,1.5233333333333334,1.437,7.857666666666667,0.2146,6.125333333333334
534,d902862b-6cce-4563-aba7-2b0345cf33d0,F1,11.868686868686869,55.111111111111114,33.02020202020202,0.9131313131313131,1.5101010101010102,5.508181818181817,0.16050505050505048,6.385858585858587
535,d9687899-2aac-4a59-9cac-a285bfac5c20,house,7.6,68.02,24.38,1.27,1.459,9.17,0.2022,5.448000000000001
536,d97f22d2-5675-4903-86b5-3e73c0f8677f,atl florida west,24.290000000000003,49.88,25.830000000000002,0.9375000000000002,1.5059999999999998,9.17,0.17520000000000002,5.918
537,d99135f8-ada7-4851-a2a8-b6e8c882996e,21-000124creek,9.45,77.1,13.45,1.5375,1.4325,9.17,0.23000000000000004,5.98
538,d9af03d3-bbdc-46ac-bb49-d73539e2ded1,Killen N 64,5.0,57.875,37.125,1.575,1.39,4.4075,0.195,6.425
539,da08a006-bbe1-46e9-ae6f-bc3e87eb6b0d,Pine Creek,8.0,65.67,26.329999999999995,2.575,1.3685,9.17,0.2026,6.667
540,dab9c149-afc8-45c8-9609-0b39d6bb631a,Roses south of creek,1.7389999999999999,66.291,31.97,4.385400000000001,1.3035999999999999,9.17,0.1885,6.0360000000000005
541,dbcad668-df2b-41fa-a9ae-fc7ac705b895,523 clone,56.414141414141405,30.01010101010101,13.575757575757578,1.1212121212121213,1.5215151515151515,28.230000000000004,0.14000000000000004,6.302020202020203
542,dbebe7c8-cf45-4ab8-ab82-d05812b9218d,OwlRidgeBig230-1,18.525252525252526,53.79797979797981,27.676767676767675,1.4318181818181819,1.5035353535353535,9.169999999999998,0.18040404040404037,6.047474747474747
543,dbec96c3-33ce-48ef-8c9f-0160094b19cf,StephenFarms_HomeFarm,6.000000000000001,75.0,19.0,2.5,1.4499999999999997,9.17,0.20999999999999996,5.9
544,dd0575f9-f941-457f-8a3f-31c0c27b73b5,Rockville 80,9.0,60.0,31.0,3.1,1.375,9.17,0.18000000000000002,7.0
545,dd3bbd2a-1ed6-4e45-9126-8d7a19e12e11,north of ditch,67.32000000000001,21.34,11.340000000000002,0.8300000000000001,1.5500000000000003,28.230000000000004,0.1366,6.365000000000001
546,dde3bb98-ad40-43c4-9881-0d3f93cb3f35,house,7.799999999999999,67.13499999999999,25.065000000000005,1.095,1.4532500000000002,9.17,0.19585,5.679
547,ddfb8dc1-8831-4845-befd-5d3df5c5226a,turner south,4.0,75.0,21.0,2.5,1.4,9.17,0.21,6.2
548,de97e71e-9a12-4b66-98b5-be1d570d336d,Husteds South,17.537999999999997,40.507999999999996,41.954,2.045,1.469,2.0751999999999997,0.1375,6.7330000000000005
549,de9a7340-6586-49e2-88a4-e07acaab82ff,house,7.799999999999999,67.13499999999999,25.065000000000005,1.095,1.4532500000000002,9.17,0.19585,5.679
550,dee5a52d-8fdf-4582-87a5-2d8170dba29d,Hamblock South Field,31.520000000000003,40.760000000000005,27.720000000000002,1.725,1.43,5.233,0.159,6.314
551,deea3537-e74e-4030-ab01-bc58fdd6df7f,1-000393acfield,5.0,77.0,18.0,2.5,1.3,9.17,0.23,5.5
552,df3ebaa9-0365-46a2-ba06-bf2e3bcc0f64,fallow syndyome study,29.570000000000004,46.85,23.580000000000002,1.705,1.4799999999999998,9.17,0.198,6.9990000000000006
553,df843c92-c946-4aff-b60a-3b7616c7bfde,Pine Creek,4.0,69.19999999999999,26.799999999999994,2.3000000000000003,1.366,9.17,0.21400000000000002,5.84
554,dfaa6f5a-7496-4474-95ed-69f5963aaef3,Moore 80,5.0,56.75,38.25,3.565000000000001,1.354,5.405,0.1665,7.0
555,e027d422-6956-4aa8-ac88-1530a49daaf7,D Durdan Arnez,5.0,65.98,29.02,1.6600000000000001,1.35,9.17,0.1965,6.534
556,e05b3888-06c2-49af-a2c2-76220157c560,north bins,5.0,64.44,30.56,2.8899999999999997,1.3439999999999999,7.7095,0.1999,5.869
557,e12df3cb-51e5-4d3d-aeba-fae5cf089afc,SEED-516-Soybeans,27.5,50.5,22.0,2.125,1.275,9.17,0.21000000000000002,6.0
558,e140688b-0d04-4812-a9af-ad1c75d45eb2,James Rodman_Courtney's_Big Field_2019_296L4_1,13.33,47.723333333333336,38.946666666666665,2.4391666666666665,1.5125,4.0008333333333335,0.1772,6.707666666666667
559,e1bbc9aa-0a03-4d7d-b2ce-d9d7386795b4,atl morse east,19.0,58.8,22.2,1.3125,1.5175000000000003,9.17,0.17849999999999996,6.225
560,e1d82d9a-73e3-4807-b385-07a9c98114c3,nop,37.510000000000005,42.09,20.4,2.8049999999999997,1.4089,9.0,0.1838,6.058000000000001
561,e23871cb-0469-4f89-be9f-902c075169df,soy 19-01,12.585,60.675,26.740000000000002,2.0725,1.4765000000000001,9.17,0.19940000000000002,6.3614999999999995
562,e26a7003-3a4a-43f9-9a8b-765888ee0824,paul jacobsons,11.868686868686869,55.111111111111114,33.02020202020202,0.9131313131313131,1.5101010101010102,5.508181818181817,0.16050505050505048,6.385858585858587
563,e2cedf57-f90c-4c59-9feb-c028d812171c,SEED-516-Soybeans,17.0,58.5,24.5,1.9,1.415,5.995,0.20500000000000002,6.3
564,e30cbb7e-cb01-4e98-8469-1c53fe5569d5,BOB & WENDY Field 557,31.520000000000003,40.760000000000005,27.720000000000002,1.725,1.43,5.233,0.159,6.314
565,e4a6dbb8-3597-41ad-bba3-3adb6d68117a,west field,1.7389999999999999,66.291,31.97,4.385400000000001,1.3035999999999999,9.17,0.1885,6.0360000000000005
566,e4b51ca0-c0fc-4c7d-8fb5-cb37dc4517e8,shiley north of 64,4.0,69.19999999999999,26.799999999999994,2.3000000000000003,1.366,9.17,0.21400000000000002,5.84
567,e51c7147-fdd0-44de-9625-05c02e231ec4,Essary-CherryFarms_JimBob_JimBob1,41.0,41.5,17.5,1.25,1.5,9.17,0.19,5.8
568,e5d8b79b-a434-43d4-8619-864e4a773178,HAEFNER-HAEFNER-Corn,55.75,30.55,13.7,1.1275,1.5255,28.230000000000004,0.14,6.395
569,e6288e62-7eeb-4dde-a938-1a8041fb3f7f,LT Till - CoC Conv Till,29.570000000000004,46.85,23.580000000000002,1.705,1.4799999999999998,9.17,0.198,6.9990000000000006
570,e65c375f-2a17-4d08-837a-251493114bdc,YUSUF-MAIN-YUSUF MAIN-W OF RD-Soybeans,55.75,30.55,13.7,1.1275,1.5255,28.230000000000004,0.14,6.395
571,e66bb093-9b0e-4526-837d-0557c9908cf7,Stan Steed_Stan's_East of Bins_2019_264L4_1,18.683333333333334,45.49333333333334,35.82333333333333,1.7958333333333332,1.5050000000000001,3.9438333333333335,0.17696666666666663,6.352666666666667
572,e6c8eda4-f736-4177-996c-9df49a4d0508,turner south,4.0,69.19999999999999,26.799999999999994,2.3000000000000003,1.366,9.17,0.21400000000000002,5.84
573,e6d25806-051c-4530-ac81-aff1ac3cdae6,Matthew King_Two Daisy Farm_North Field_2018_6365AM_1,18.683333333333334,45.49333333333334,35.82333333333333,1.7958333333333332,1.5050000000000001,3.9438333333333335,0.17696666666666663,6.352666666666667
574,e6dbecc0-e9d2-4d43-8928-29c7dd747826,house,7.799999999999999,67.13499999999999,25.065000000000005,1.095,1.4532500000000002,9.17,0.19585,5.679
575,e71bb769-cf7e-4f18-94d6-cf6d50ac665e,house,7.799999999999999,67.13499999999999,25.065000000000005,1.095,1.4532500000000002,9.17,0.19585,5.679
576,e71c77f6-44aa-483d-9e7c-a91fea3d47ee,526 clone,49.6,33.6,16.8,3.75,1.43,28.230000000000004,0.2,7.060000000000001
577,e723def7-0e5e-428d-bd3d-3d23d1f12b5a,soy 19-19,10.0,57.318000000000005,32.681999999999995,3.5145,1.4354999999999998,9.17,0.21225000000000002,6.599200000000001
578,e7c752ca-6abd-486b-9aa0-f2c689714c3f,LT Till - Corn-Bean Conv Till,29.570000000000004,46.85,23.580000000000002,1.705,1.4799999999999998,9.17,0.198,6.9990000000000006
579,e7dde7e1-9dda-440b-805e-4934193872c7,Husteds South,21.619999999999997,36.64,41.74,1.3675000000000002,1.4875000000000003,2.742,0.15,5.6
580,e99e7cb0-8c2b-433b-969b-1c2995b4e660,haines,5.000000000000001,74.27659574468085,20.72340425531915,1.475531914893617,1.4180851063829787,9.17,0.22276595744680855,6.45531914893617
581,e9c660a2-dea2-4373-9fe7-1922bfddca49,Burrus Seed Farms - HWT  - Boundary,3.0,73.0,24.0,3.5,1.33,9.17,0.22,6.7
582,ea1fe8dd-c989-4451-a5df-e13e9c9f1675,526 clone,49.6,33.6,16.8,3.75,1.43,28.230000000000004,0.2,7.060000000000001
583,ed3a32f9-d339-4ff9-91d5-a251b105353a,1-000393acfield,5.0,76.5,18.5,1.5,1.375,9.17,0.22,5.7
584,ed4ea6d1-0455-4600-86e0-789f3b9768a6,Rockville 80,10.0,65.4,24.6,2.7,1.31,9.17,0.218,6.880000000000001
585,ed6f9ab0-4222-4b4f-9012-6d1b656d7478,YUSUF-MAIN-YUSUF MAIN-W OF RD-Soybeans,36.0,41.599999999999994,22.4,2.7,1.438,9.17,0.194,5.959999999999998
586,edbff287-171b-47ff-87fd-e395db6dacf7,house,7.71,63.81,28.48,2.2845,1.39125,9.17,0.181,6.276999999999999
587,ef5db779-3994-4a21-96c8-4e8e8eeecd82,519 clone,7.3,64.1,28.599999999999998,1.45,1.42,9.17,0.18200000000000002,6.29
588,ef8922ef-814c-497d-9c7a-02a9b6f1aefc,Matthew King_Two Daisy Farm_North Field_2018_6365AM_1,18.683333333333334,45.49333333333334,35.82333333333333,1.7958333333333332,1.5050000000000001,3.9438333333333335,0.17696666666666663,6.352666666666667
589,f0ac8831-d935-4b41-8120-513442904ce3,north bins,5.0,65.80808080808082,29.191919191919187,2.868686868686869,1.3616161616161617,7.694747474747476,0.18202020202020203,6.107070707070706
590,f12337b0-e4ea-42fa-a5c5-9c2a9ab4109b,LT Field 3,9.01,59.99,31.0,2.33,1.3730000000000002,9.17,0.17999999999999997,6.700000000000001
591,f2adc2e4-3272-48e6-ab38-30b818cf9623,yale,23.909090909090907,43.63636363636363,32.45454545454546,5.5606060606060606,1.1863636363636363,3.0124242424242427,0.18,6.77878787878788
592,f31c7108-fda7-4f99-8d9b-57b05ad543f1,Maytown North 80_NO Product_1_poly,4.0,69.19999999999999,26.799999999999994,2.3000000000000003,1.366,9.17,0.21400000000000002,5.84
593,f35a4f0f-023f-4078-b6e4-d869a8a842e9,house,7.6,68.02,24.38,1.27,1.459,9.17,0.2022,5.448000000000001
594,f3b2ec35-31df-46e8-b6b4-b9b52e2ebe22,Haelys,27.5,51.5,21.0,1.8,1.475,9.17,0.19500000000000003,5.9
595,f3c4ec60-1a71-4d75-996e-0b12b1b84f6f,Smith Luhnow Plot Yield,74.04455445544554,16.855445544554456,9.1,1.228960396039604,1.5253960396039603,50.455,0.11531683168316834,6.0331683168316825
596,f438fbac-93dc-4579-b2fe-9ff56d6417d0,soy 19-01,10.0,57.318000000000005,32.681999999999995,3.5145,1.4354999999999998,9.17,0.21225000000000002,6.599200000000001
597,f479bd00-7894-425f-bf89-540e69ee4029,house,7.799999999999999,67.13499999999999,25.065000000000005,1.095,1.4532500000000002,9.17,0.19585,5.679
598,f52aca00-f000-4e82-b974-4474c0f54858,YUSUF-MAIN-YUSUF MAIN-W OF RD-Soybeans,36.0,41.599999999999994,22.4,2.7,1.438,9.17,0.194,5.959999999999998
599,f554c383-3ab2-4cf3-8fa0-c9ed32a02a51,field-ne-001,29.825000000000003,49.365,20.810000000000002,1.8525,1.3605,7.7022,0.2012,6.837999999999999
600,f59903b9-ac2f-48ba-94cf-70527f644ec1,YUSUF-MAIN-YUSUF MAIN-W OF RD-Soybeans,55.75,30.55,13.7,1.1275,1.5255,28.230000000000004,0.14,6.395
601,f6c24b77-9df4-4efd-83cb-bf473d62277a,Route 40 Midell Farm,31.520000000000003,40.760000000000005,27.720000000000002,1.725,1.43,5.233,0.159,6.314
602,f6e846ce-a226-4c58-84fd-aa9705377883,South of House,4.0,68.6,27.4,2.3000000000000003,1.366,9.17,0.21400000000000002,6.4
603,f77cfa9e-6f22-410f-b3aa-8ed4578fd2f2,marv jacobsons,11.868686868686869,55.111111111111114,33.02020202020202,0.9131313131313131,1.5101010101010102,5.508181818181817,0.16050505050505048,6.385858585858587
604,f7adde3d-c8cc-4fdb-9dc5-95643c77d43d,1-00083CORNERXCREEK,12.0,72.0,16.0,2.0,1.45,9.17,0.21999999999999997,5.9
605,f7c50bd3-c6a3-44b1-91a0-676a556b67b2,west field,4.67,64.64,30.690000000000005,1.4950000000000003,1.3835,9.17,0.1765,6.3340000000000005
606,f81cd50c-1aa8-48f3-b54a-6da30e8bd8c4,Moore 80,5.0,56.75,38.25,3.565000000000001,1.354,5.405,0.1665,7.0
607,f82a10cc-4b40-4071-964b-f189b3310941,YUSUF-MAIN-YUSUF MAIN-W OF RD-Soybeans,31.520000000000003,40.760000000000005,27.720000000000002,1.725,1.43,5.233,0.159,6.314
608,f82fbd00-7fda-4895-b308-90514a78b854,523 clone,95.0,3.0,2.0,0.63,1.5,91.74,0.0824,5.9
609,f880f884-3e44-448f-9d14-061248bd4adf,cental il college,2.33,69.14500000000001,28.525,1.1625,1.4036000000000002,9.17,0.2032,6.200000000000001
610,f8d4ea2d-0946-4ff8-b28d-67ed06ee8107,StephenFarms_HomeFarm,5.0,77.0,18.0,3.0000000000000004,1.3,9.17,0.23000000000000004,5.5
611,f91378e5-f717-4d9f-82af-26a68c98a5c7,1-0003FIELDSBYDRIVE,9.45,77.1,13.45,1.5375,1.4325,9.17,0.23000000000000004,5.98
612,f924b417-fba2-4a21-a7f1-023cc47c61b2,BOB & WENDY Field 557,40.0,37.5,22.5,1.8,1.33,9.17,0.22000000000000006,7.000000000000001
613,f9feac04-e165-48b5-8fe4-072c035766d7,south,4.3,72.51470588235294,23.18529411764706,1.0883823529411765,1.392205882352941,6.5371500000000005,0.2031029411764706,6.594117647058823
614,fa6c811a-d693-4b96-893a-ca08ec54b40d,wales,4.0,67.31,28.689999999999998,1.3275000000000001,1.3969,9.17,0.2132,6.299000000000001
615,faddbef0-0841-4b16-bb7e-cab2152950d4,Cragen Jerry's Place - JP North Levee,38.8,37.66,23.540000000000006,1.0350000000000001,1.462,9.17,0.19519999999999998,5.952000000000001
616,fb169750-52f7-421b-adc1-389ecd15db22,Route 40,31.520000000000003,40.760000000000005,27.720000000000002,1.725,1.43,5.233,0.159,6.314
617,fb1cacc9-8ed8-4c79-8df7-7619ac65cdda,WRIGLEY-MGW-WRIGLEY-Soybeans,11.0,58.5,30.5,3.125,1.2999999999999998,9.17,0.21000000000000002,6.5
618,fbb4f382-738d-49ce-bf47-2b81d94e4643,Johnson . ,4.0,67.31,28.689999999999998,1.3275000000000001,1.3969,9.17,0.2132,6.299000000000001
619,fbd2059f-b09d-4edd-ab5b-976edc80489f,Home farm,6.0,75.9009900990099,18.0990099009901,0.7772277227722774,1.4504950495049505,9.141386138613862,0.21336633663366336,6.28019801980198
620,fc554934-4be2-487e-a777-0acc896a9abc,523 clone,56.414141414141405,30.01010101010101,13.575757575757578,1.1212121212121213,1.5215151515151515,28.230000000000004,0.14000000000000004,6.302020202020203
621,fcf9d2d2-e460-4953-8a34-19a548621d80,YUSUF-MAIN-YUSUF MAIN-W OF RD-Soybeans,36.0,41.599999999999994,22.4,2.7,1.438,9.17,0.194,5.959999999999998
622,fe7dea62-c071-46c1-8770-4f6f189eed55,LT Till - Corn-Bean Conv Till,29.570000000000004,46.85,23.580000000000002,1.705,1.4799999999999998,9.17,0.198,6.9990000000000006
623,fe9fb9f6-db22-4c43-8ad3-681d6099eda2,house,7.71,63.81,28.48,2.2845,1.39125,9.17,0.181,6.276999999999999
624,fef0f1ba-8d03-4f6f-943e-f51c3df8be73,Zechiel McGee House Harvest,62.54,25.14,12.32,0.7662500000000001,1.5797500000000002,53.5999,0.1338,6.1825
625,fefd4c70-2260-4071-8a3a-3f82ab152601,Burrus Seed Farms - BSFW  - Boundary,10.0,60.0,30.0,1.7725,1.3702,2.82,0.1833,6.670999999999999
626,ff86fd84-8717-48db-87d7-a28f6860a31f,Kelsey Cannon Harvest,67.66,19.62,12.72,1.1400000000000001,1.45,28.23,0.15760000000000002,6.142
